descriptor,missing_ratio,variance,mean,std
AATS0Z,0.0,12756.493496828149,71.14015877223588,112.94464793352604
AATS0are,0.0,0.3625844848729775,6.814321377794325,0.6021498857203059
AATS0d,0.0,0.22316942794134642,2.602829017005297,0.4724081158715909
AATS0dv,0.0,14.950267760642959,10.316155667949165,3.866557611188919
AATS0i,0.0,63.12282618886691,163.94360415021484,7.944987488276298
AATS0m,0.0,472064.15097533097,363.82734375643236,687.0692475837723
AATS0p,0.0,466.1021991379153,10.595876125611355,21.58940015697322
AATS0pe,0.0,0.3168799613379162,6.839904922214071,0.5629209192576842
AATS0se,0.03278688524590164,0.31603733174996923,8.311127185485894,0.5621719770230185
AATS0v,0.0,9964.264451154932,255.08062126979084,99.82116234123369
AATS1Z,0.0,33.98630930357705,26.68026369023989,5.82977780910877
AATS1are,0.0,0.15015114930560297,6.778433205927722,0.3874934184029491
AATS1d,0.0,0.3842023315427148,3.121740201647953,0.6198405694553357
AATS1dv,0.0,7.469552638133397,7.912600610782234,2.7330482319442146
AATS1i,0.0,44.96189547912076,151.74373187704796,6.705363187711816
AATS1m,0.0,586.9565047559153,100.85206594453366,24.22718524211831
AATS1p,0.0,0.0519643876729965,1.61008249114164,0.22795698645357745
AATS1pe,0.0,0.1307436669852167,6.886466558502753,0.36158493744238945
AATS1se,0.03278688524590164,0.1478537854290264,8.233908659356388,0.38451760093528414
AATS1v,0.0,926.4567934040487,245.62003775957749,30.43775276534141
AATS2Z,0.0,42.69090666437722,23.25489111571159,6.533827872264253
AATS2are,0.0,0.3656230839058944,6.7032995545297736,0.6046677467054898
AATS2d,0.0,0.3838123649735233,2.733568795726936,0.6195259195332535
AATS2dv,0.0,12.284672820419495,6.906140963834158,3.5049497600421455
AATS2i,0.0,64.59716340332315,158.29201247901912,8.037236054970835
AATS2m,0.0,753.3902566261872,87.14611970228535,27.447955417957587
AATS2p,0.0,0.07285653376496198,1.33172740837879,0.2699194949701892
AATS2pe,0.0,0.31494601580343823,6.768580407372651,0.5612005130106692
AATS2se,0.03278688524590164,0.3421720789060812,8.21131458170908,0.5849547665470222
AATS2v,0.0,1554.112609981521,198.44615631384232,39.422234969386516
AATS3Z,0.01639344262295082,73.7256915689053,18.701763928115724,8.586366610441537
AATS3are,0.01639344262295082,0.6983366136391437,6.776682930398829,0.8356653718080842
AATS3d,0.01639344262295082,0.34200629525733045,2.1228456720256657,0.5848130429952212
AATS3dv,0.01639344262295082,22.969051148998236,4.782546826505203,4.792603796371888
AATS3i,0.01639344262295082,68.8417067090199,166.19254080251096,8.297090255566701
AATS3m,0.01639344262295082,1261.1497602759114,66.86112011730303,35.51267041882251
AATS3p,0.01639344262295082,0.05948087112623672,1.0733658831170705,0.24388700483264114
AATS3pe,0.01639344262295082,0.6057428218802603,6.795810188809946,0.7782948168144641
AATS3se,0.04918032786885246,0.462440049612573,8.317275769286708,0.6800294476069202
AATS3v,0.01639344262295082,1535.225219097225,156.9275668900315,39.18195016965369
AATS4Z,0.04918032786885246,116.10435598298308,15.06677024851606,10.775173130070026
AATS4are,0.04918032786885246,1.5478924490528512,6.680781311977557,1.2441432590553434
AATS4d,0.04918032786885246,0.24856706404798362,1.7381896256010307,0.4985650048368654
AATS4dv,0.04918032786885246,56.406191365890145,4.364636962881767,7.51040553937603
AATS4i,0.04918032786885246,67.33533147960098,171.18572432189555,8.205810836206314
AATS4m,0.04918032786885246,2000.2071317799355,52.05423716531905,44.72367529374051
AATS4p,0.04918032786885246,0.045345898162044554,0.8798890932019566,0.2129457634282602
AATS4pe,0.04918032786885246,1.341325899644947,6.671473667858679,1.1581562500996776
AATS4se,0.08196721311475409,0.8959151908362514,8.248644687937768,0.9465279662198319
AATS4v,0.04918032786885246,1554.4730396921202,126.77626948476741,39.42680610564493
AATS5Z,0.11475409836065574,119.63406337859676,12.828098195867343,10.937735751909385
AATS5are,0.11475409836065574,1.5082279195332897,6.511801620157957,1.2280993117550754
AATS5d,0.11475409836065574,0.1878069031605268,1.4792448887932053,0.4333669382411709
AATS5dv,0.11475409836065574,44.162377610374136,4.02407430878829,6.64547798208482
AATS5i,0.11475409836065574,53.92179483582465,175.533580704696,7.343146112929025
AATS5m,0.11475409836065574,1981.9274494761873,43.89194977185253,44.51884375717981
AATS5p,0.11475409836065574,0.04284534570721537,0.7515723438218715,0.20699117301763226
AATS5pe,0.11475409836065574,1.3555251041863594,6.483126580111498,1.1642702023956293
AATS5se,0.13114754098360656,1.2533654109707482,8.196510766123463,1.1195380346244375
AATS5v,0.11475409836065574,1967.626818176311,104.49646405411455,44.35793974224131
AATSC0Z,0.0,7388.586969473482,41.594329252987336,85.95689018033099
AATSC0are,0.0,0.015430850693983778,0.27224793640110334,0.1242209752577389
AATSC0c,0.01639344262295082,0.02437011774580683,0.12757234055335195,0.15610931344992465
AATSC0d,0.0,0.030465571032509717,0.591187982160039,0.17454389428596384
AATSC0dv,0.0,1.675854621095184,5.131646202705339,1.2945480373841614
AATSC0i,0.0,3.6483650898817213,2.228199951141236,1.910069393996386
AATSC0m,0.0,298599.15406130237,242.11532818078754,546.442269650969
AATSC0p,0.0,292.7362099520505,7.663879691977094,17.109535643963294
AATSC0pe,0.0,0.015322894982006037,0.24931964630352588,0.12378568165182126
AATSC0se,0.03278688524590164,0.043135575916636006,0.23731401610707548,0.20769105882689318
AATSC0v,0.0,1491.9334661845955,65.9187986868558,38.6255545744601
AATSC1Z,0.0,72.42048617772923,0.15704296531904793,8.510022689613068
AATSC1are,0.0,0.0020995715067621845,-0.03627747044458702,0.04582108146652788
AATSC1c,0.01639344262295082,0.0004384830008828624,-0.022493420641880105,0.020939985694428315
AATSC1d,0.0,0.029966512107948692,0.09775384983397048,0.17310838254674063
AATSC1dv,0.0,0.8700588068713394,0.8809778742172981,0.9327694285681427
AATSC1i,0.0,0.14281979131143094,-0.12281066434411586,0.37791505832849653
AATSC1m,0.0,2741.9372517122956,3.173635920679404,52.36351068933686
AATSC1p,0.0,5.6197741011020135,0.6954613151772423,2.3706062728977186
AATSC1pe,0.0,0.001624234654094074,-0.030388392967238803,0.04030179467584631
AATSC1se,0.03278688524590164,0.001237300179420055,-0.021880503498495615,0.035175277957964386
AATSC1v,0.0,50.350088579154736,-3.061080918634579,7.095779631524272
AATSC2Z,0.0,144.9891405313476,3.32537269803987,12.041143655456802
AATSC2are,0.0,0.0027387621368442725,0.04245275720283875,0.052333183897449544
AATSC2c,0.01639344262295082,0.00023626248840934836,0.007851204663909045,0.015370832391557341
AATSC2d,0.0,0.013774704109688833,-0.09378891988104894,0.11736568540118032
AATSC2dv,0.0,1.4091025854635604,0.4549654128559816,1.1870562688699977
AATSC2i,0.0,0.09827032155980076,-0.17235154008515516,0.31348097479719683
AATSC2m,0.0,5211.503672539726,19.320624967088055,72.19074506153629
AATSC2p,0.0,7.008170628251635,0.8052236715288189,2.6472949643459898
AATSC2pe,0.0,0.0022431198260424567,0.0392420407978099,0.04736158597473755
AATSC2se,0.03278688524590164,0.0017708701928959032,0.033600894652251384,0.04208170853109345
AATSC2v,0.0,99.97647612926724,-3.2393489770248394,9.998823737283663
AATSC3Z,0.01639344262295082,74.73806761114295,0.9447120581563783,8.645118137489098
AATSC3are,0.01639344262295082,0.009497195261494456,-0.022898183816415292,0.09745355438102017
AATSC3c,0.03278688524590164,0.0011062776502105685,0.010834668069510235,0.03326075239994682
AATSC3d,0.01639344262295082,0.005160135790069549,-0.054597273735493695,0.07183408515509576
AATSC3dv,0.01639344262295082,6.9137641488071795,-1.068506745213817,2.6294037629864264
AATSC3i,0.01639344262295082,0.40928457326521284,0.08536712139136218,0.6397535254027232
AATSC3m,0.01639344262295082,2809.83824209411,8.094658828359892,53.00790735441374
AATSC3p,0.01639344262295082,9.026873572741696,0.9497295882526288,3.004475590305519
AATSC3pe,0.01639344262295082,0.006479560637019478,-0.022837884023714044,0.0804957181284786
AATSC3se,0.04918032786885246,0.0029396862833391767,-0.01019461253713154,0.05421887386638694
AATSC3v,0.01639344262295082,207.4236460385058,-3.519525836072516,14.40220976234223
AATSC4Z,0.04918032786885246,72.52947144837059,1.151966276623386,8.516423630161347
AATSC4are,0.04918032786885246,0.03950271716046338,-0.02634558439139573,0.19875290478497007
AATSC4c,0.06557377049180328,0.003302412791332203,0.0006551708572310923,0.05746662328110295
AATSC4d,0.04918032786885246,0.007938718701594717,-0.037582142209515015,0.08909948766179701
AATSC4dv,0.04918032786885246,12.323378406870704,-0.6799888828122534,3.510466978461798
AATSC4i,0.04918032786885246,0.48618339682380485,0.0871165354778164,0.6972685256225214
AATSC4m,0.04918032786885246,2705.9178611310244,9.056078678906395,52.01843770367411
AATSC4p,0.04918032786885246,8.367360049931436,0.8732908473667151,2.892638942199914
AATSC4pe,0.04918032786885246,0.028563709073586713,-0.026071253983647097,0.16900801482056024
AATSC4se,0.08196721311475409,0.023666513793292654,-0.02060111813231768,0.15383924659622022
AATSC4v,0.04918032786885246,145.40046291297543,0.46356088044030713,12.058211430928528
AATSC5Z,0.11475409836065574,65.23859576744088,2.9175730530319828,8.077041275581108
AATSC5are,0.11475409836065574,0.028105559966254655,0.024087374265148235,0.16764712931110587
AATSC5c,0.13114754098360656,0.0023408878975905312,0.009210169651992626,0.048382723131201816
AATSC5d,0.11475409836065574,0.00944239734923298,0.0391015141097094,0.09717199879200272
AATSC5dv,0.11475409836065574,11.057150048681061,0.4569207331454232,3.325229322720624
AATSC5i,0.11475409836065574,0.2097629386657145,0.2658247380331693,0.45799884133665064
AATSC5m,0.11475409836065574,2027.2176245871146,16.110389498248033,45.024633530847474
AATSC5p,0.11475409836065574,2.4916442030049786,0.614919879408746,1.5784942834882167
AATSC5pe,0.11475409836065574,0.021919120731468487,0.0224136790573118,0.1480510747393226
AATSC5se,0.13114754098360656,0.0125281037206772,0.021766252347831423,0.11192901197043241
AATSC5v,0.11475409836065574,313.6204220553834,9.866031434114598,17.709331496569355
AMW,0.0,20.29929898681344,10.06826703883746,4.505474335385059
ATS0Z,0.0,6078702.546089761,1712.2459016393443,2465.502493628786
ATS0are,0.0,8849.533373695793,175.55266229508203,94.07195848761624
ATS0d,0.0,1625.6667562483206,68.85245901639344,40.31955798676767
ATS0dv,0.0,14927.108418276588,243.17084243585742,122.17654610552955
ATS0i,0.0,6399558.516426618,4350.745919623671,2529.7348707772953
ATS0m,0.0,225101022.1682417,8717.619888076619,15003.367027712204
ATS0p,0.0,241664.1693137135,248.3586200150881,491.5935000726856
ATS0pe,0.0,8941.061415360751,176.49000819672133,94.55718595305568
ATS0se,0.03278688524590164,14075.78411217081,214.74280869491528,118.64140976982198
ATS0v,0.0,13860510.569887958,6458.976657804808,3722.9706646558416
ATS1Z,0.0,129904.18543402311,633.2459016393443,360.42223215837157
ATS1are,0.0,9048.642699043268,164.34580327868855,95.1243538692551
ATS1d,0.0,2413.236226820747,78.09836065573771,49.12470078097929
ATS1dv,0.0,8593.249902953208,173.96174863387978,92.69978372657192
ATS1i,0.0,5072053.284243448,3738.43570611265,2252.1219514589898
ATS1m,0.0,1871686.5080465095,2385.565817172458,1368.0959425590404
ATS1p,0.0,610.1750543344584,40.08005567213115,24.70172168765688
ATS1pe,0.0,9384.806748524683,167.17173934426225,96.87521225021746
ATS1se,0.03278688524590164,13806.024299317713,200.0311093220339,117.4990395676395
ATS1v,0.0,12647386.358235417,5999.603593192451,3556.3164029983914
ATS2Z,0.0,267622.1037355549,849.6229508196722,517.3220503086592
ATS2are,0.0,25895.39376582518,255.76548032786883,160.92045788471142
ATS2d,0.0,5671.963988175222,109.73770491803279,75.3124424525936
ATS2dv,0.0,19318.83259695739,227.76826553329286,138.99220336751767
ATS2i,0.0,17186136.63751284,6213.949425319995,4145.616556980739
ATS2m,0.0,3811566.538730883,3158.8698090819676,1952.3233694065343
ATS2p,0.0,1297.7185344017776,53.265278028021385,36.02386062600423
ATS2pe,0.0,26629.59178872085,258.87724590163936,163.18575853523754
ATS2se,0.03278688524590164,40281.04880428449,314.7179713898305,200.70139213339922
ATS2v,0.0,24557120.07983782,7690.544343111131,4955.514108529792
ATS3Z,0.0,282803.03413061006,801.311475409836,531.7922847603282
ATS3are,0.0,45790.675259839096,309.5174918032787,213.9875586566637
ATS3d,0.0,6926.442891695781,106.18032786885246,83.22525392989667
ATS3dv,0.0,20882.651862468934,182.1165755919854,144.50831070381017
ATS3i,0.0,34330922.48310669,7918.402286753806,5859.259550754403
ATS3m,0.0,3714907.604598455,2839.1050621639342,1927.4095580852697
ATS3p,0.0,1666.4373567420243,53.37209428043471,40.82202048823679
ATS3pe,0.0,46672.74027622813,311.5612196721312,216.03874716408657
ATS3se,0.03278688524590164,72494.45335981523,385.45448613559324,269.24794030747057
ATS3v,0.0,29483557.18360241,7442.363182155557,5429.876350673412
ATS4Z,0.0,245288.72722386452,569.8360655737705,495.2663194927195
ATS4are,0.0,50843.124356571316,273.038731147541,225.4841997936248
ATS4d,0.0,5952.968019349638,81.55737704918033,77.15547951603722
ATS4dv,0.0,14130.584709407069,124.38251366120218,118.87213596721087
ATS4i,0.0,40066278.43092397,7355.147081590295,6329.792921646329
ATS4m,0.0,3125620.2353050224,1940.1717381967214,1767.942373298695
ATS4p,0.0,1461.6055904760658,41.010225030563774,38.23095068757859
ATS4pe,0.0,51586.13967240612,274.13615081967214,227.12582343803646
ATS4se,0.03278688524590164,81642.58608178193,344.32094572881357,285.73166797151123
ATS4v,0.0,25273614.17683044,5534.101658258371,5027.286959865176
ATS5Z,0.0,223085.90163934426,385.0,472.3197027854589
ATS5are,0.0,46819.48856152829,199.42306065573771,216.37811479335957
ATS5d,0.0,4158.8701961838215,51.68852459016394,64.4893029593577
ATS5dv,0.0,17000.786088964538,95.8488160291439,130.3870625827752
ATS5i,0.0,34788960.26532161,5402.997836645786,5898.216702133079
ATS5m,0.0,2770526.4500296,1294.4968504262295,1664.489846778766
ATS5p,0.0,1007.0096557622479,26.272829016328213,31.733415444326944
ATS5pe,0.0,47023.127319934974,199.3395098360656,216.8481665127353
ATS5se,0.03278688524590164,75326.35920694984,252.13854138983052,274.45647962281714
ATS5v,0.0,18825702.249118436,3560.077629025087,4338.859556279557
ATS6Z,0.0,176191.3388873959,242.85245901639345,419.75152041105923
ATS6are,0.0,28420.586082976923,120.65035245901642,168.58406236348952
ATS6d,0.0,2392.9352324643914,30.442622950819672,48.917637233051146
ATS6dv,0.0,18882.531132942495,70.70856102003644,137.41372250595097
ATS6i,0.0,20286950.341658253,3289.8458820046926,4504.103722346795
ATS6m,0.0,2303447.227086764,836.3183982131147,1517.7111803919624
ATS6p,0.0,569.3139237466424,15.11422441269028,23.86030016044732
ATS6pe,0.0,28339.799229279302,120.30817377049178,168.34428778333793
ATS6se,0.03278688524590164,45600.464041280145,155.53699761016952,213.54265157405942
ATS6v,0.0,11150359.698954413,2037.4791109296475,3339.2154316477413
ATS7Z,0.0,95367.22278957268,130.08196721311475,308.8158396027844
ATS7are,0.0,14438.743611645154,62.06003278688525,120.16132327685624
ATS7d,0.0,1635.522171459285,17.950819672131146,40.4415896257712
ATS7dv,0.0,4796.053908248479,25.981785063752273,69.25354798310683
ATS7i,0.0,10576503.471362537,1706.1407237996652,3252.153666628091
ATS7m,0.0,1256387.918322322,446.2865938688524,1120.8871122117168
ATS7p,0.0,388.47939976636667,8.936534621100641,19.709880764894717
ATS7pe,0.0,14593.619184723391,62.23042950819673,120.80405284891476
ATS7se,0.03278688524590164,23597.691986012505,81.48603572881358,153.61540282801235
ATS7v,0.0,7111271.352221645,1179.8352441162551,2666.6967117056347
ATS8Z,0.0,64224.449341574844,91.90163934426229,253.42543152094038
ATS8are,0.0,12266.108391065845,42.745819672131155,110.75246449206377
ATS8d,0.0,1398.5697393173875,12.59016393442623,37.39745632148512
ATS8dv,0.0,4825.274468233349,23.615664845173043,69.46419558472803
ATS8i,0.0,8588693.753489908,1147.3376854815297,2930.647326699326
ATS8m,0.0,802657.3191199012,320.61178190163935,895.9114460257225
ATS8p,0.0,280.5968861497375,5.859315645541164,16.751026420782026
ATS8pe,0.0,12328.469680607355,42.77179508196721,111.0336421117823
ATS8se,0.03278688524590164,19886.441025375803,55.65178610169491,141.01929309628454
ATS8v,0.0,5573499.251525777,819.0245830348838,2360.825968072568
ATSC0Z,0.0,3643778.6136276238,1015.1928981484493,1908.8684118156557
ATSC0are,0.0,14.538352842907532,6.563827586839327,3.8129192022527216
ATSC0c,0.01639344262295082,12.281676436905762,2.954940838271159,3.5045222836937078
ATSC0d,0.0,76.66984492094356,15.359786087043735,8.756131846936954
ATSC0dv,0.0,4638.613099549641,127.88501977845091,68.10736450303772
ATSC0i,0.0,2642.7094570571994,56.864210981259006,51.407289921344805
ATSC0m,0.0,148162917.18193096,5890.041772238417,12172.219073855471
ATSC0p,0.0,161941.95120402044,179.6239871528489,402.4201177923644
ATSC0pe,0.0,13.71315131533827,6.044955055968193,3.703127234559767
ATSC0se,0.03278688524590164,25.7391685464045,5.608455926694976,5.0733784154549815
ATSC0v,0.0,1499609.7285920344,1704.4884279465605,1224.5855333916184
ATSC1Z,0.0,15835.270786784942,-4.39177788155514,125.83827234504191
ATSC1are,0.0,0.7703976690317569,-0.7351093805256945,0.8777230024510905
ATSC1c,0.01639344262295082,0.187323746835297,-0.5036563268317781,0.4328091344175825
ATSC1d,0.0,14.079226184462826,2.8140032033387192,3.7522294951752118
ATSC1dv,0.0,533.3082720125665,20.419608678968203,23.093468167699854
ATSC1i,0.0,113.2102768071964,-2.9613318939405535,10.64003180480192
ATSC1m,0.0,586892.8594898086,17.557272628272386,766.0893286620096
ATSC1p,0.0,944.3910705816089,10.865308403531461,30.73094646413626
ATSC1pe,0.0,0.5819760819207961,-0.6111676364544395,0.7628735687653597
ATSC1se,0.03278688524590164,0.36913496949236596,-0.4290652090966631,0.6075647862511174
ATSC1v,0.0,30678.278679988816,-67.59014413365348,175.15215865066813
ATSC2Z,0.0,47902.98285330924,72.93091584867555,218.86750067862803
ATSC2are,0.0,2.1398229763222636,1.4017173863006351,1.4628133771340293
ATSC2c,0.01639344262295082,0.10158551980094331,0.23018458097960123,0.31872483398841595
ATSC2d,0.0,18.04569786371869,-3.4011595312759164,4.248022818173025
ATSC2dv,0.0,1036.4998801605805,16.867399416772123,32.19471820284471
ATSC2i,0.0,115.4019142121502,-5.915863204737042,10.742528297014172
ATSC2m,0.0,1689674.1906458533,419.71134152661546,1299.874682669777
ATSC2p,0.0,3380.448826831343,20.994176797209498,58.14162731495691
ATSC2pe,0.0,1.581521167217124,1.2784448589969348,1.2575854512585314
ATSC2se,0.03278688524590164,1.3573383192677821,1.108102011306922,1.1650486338637465
ATSC2v,0.0,104617.59821086537,-145.82891973898109,323.4464379319478
ATSC3Z,0.0,41185.640182715666,16.179700710945212,202.94245534810025
ATSC3are,0.0,2.742739000520595,-0.48619760369874815,1.6561216744311376
ATSC3c,0.01639344262295082,0.28718967649096966,0.2733723289110621,0.5359008084440344
ATSC3d,0.0,19.161733303254483,-2.9894112850082943,4.3774117127881045
ATSC3dv,0.0,1901.3402197986006,-29.160017649451845,43.604360100781214
ATSC3i,0.0,401.0567242530699,0.26795977824656303,20.02640068142725
ATSC3m,0.0,1413164.597176343,153.58201060178988,1188.7659976531727
ATSC3p,0.0,5153.253714942814,26.173287304504576,71.7861665987453
ATSC3pe,0.0,2.2694109818169723,-0.4552098533757637,1.5064564321005014
ATSC3se,0.03278688524590164,1.4624992050161476,-0.09594225744357658,1.2093383335593673
ATSC3v,0.0,209478.15233867103,-208.5761790156798,457.6878328497176
ATSC4Z,0.0,38945.09807035788,34.77502494865079,197.3451242629467
ATSC4are,0.0,4.711388974948614,-0.8932818595202355,2.170573420768948
ATSC4c,0.01639344262295082,0.1355120409512271,-0.1331627731397283,0.3681196014221833
ATSC4d,0.0,14.884263256416915,-2.160411685538246,3.8580128636925144
ATSC4dv,0.0,2529.2574637362322,-20.578979246850885,50.291723610711855
ATSC4i,0.0,174.42706273649935,-3.525132201190952,13.207083808945082
ATSC4m,0.0,1230589.6994226258,223.74103170675437,1109.3194758150719
ATSC4p,0.0,4460.952338426293,21.28533044256869,66.79036111914871
ATSC4pe,0.0,4.275845693777481,-0.7606853163438431,2.0678118129504632
ATSC4se,0.03278688524590164,1.9421379566782462,-0.6389427217400881,1.3936060981060057
ATSC4v,0.0,243398.34803805384,-40.71386361869115,493.3541811295956
ATSC5Z,0.0,11060.729293221113,16.89110099311726,105.17000186945474
ATSC5are,0.0,8.639209684851803,-0.5013742388854514,2.939253252928676
ATSC5c,0.01639344262295082,0.2433575251987734,-0.011278934425134694,0.49331280664379007
ATSC5d,0.0,6.56139071302605,0.5649546794473971,2.56152117169194
ATSC5dv,0.0,3085.7671529763934,-9.82979183779931,55.549681844060935
ATSC5i,0.0,174.8655431582041,4.014902427878808,13.223673587857654
ATSC5m,0.0,315494.275253815,114.38318659341601,561.688770809792
ATSC5p,0.0,5057.258534524043,20.771999463547992,71.1144045501616
ATSC5pe,0.0,6.651428355549221,-0.41845562546428666,2.579036323037972
ATSC5se,0.03278688524590164,3.4127712430561026,-0.14883761654519237,1.847368735000163
ATSC5v,0.0,162200.54408429062,116.02176593639187,402.74128678879026
ATSC6Z,0.0,6930.582177516398,30.713802993535026,83.25011818319778
ATSC6are,0.0,5.447883086291277,0.5453848625014177,2.334070068847822
ATSC6c,0.01639344262295082,0.4718871752738631,0.17169958599642124,0.6869404452162233
ATSC6d,0.0,2.5960097121785166,1.006447669023049,1.6112137388250252
ATSC6dv,0.0,1372.735822021129,9.279409314402821,37.050449687164786
ATSC6i,0.0,138.70708580287987,5.902661141739113,11.777397242297631
ATSC6m,0.0,161411.48014285488,152.86000221047166,401.7604760835178
ATSC6p,0.0,3007.937034511025,14.932536776828986,54.84466277142221
ATSC6pe,0.0,4.209646199785727,0.504489260304514,2.0517422352200403
ATSC6se,0.03278688524590164,4.033250085504925,0.505220521047144,2.0082953182998073
ATSC6v,0.0,154452.400118957,168.1121013470817,393.00432582728274
ATSC7Z,0.0,3094.8926166668953,7.117318246605251,55.631759065006165
ATSC7are,0.0,1.01935674992369,-0.01886628016162992,1.0096319873714827
ATSC7c,0.01639344262295082,0.05979495053428695,-0.007475620339946334,0.2445300605943714
ATSC7d,0.0,4.202676058048183,0.1271176816729211,2.0500429405376326
ATSC7dv,0.0,447.91474403597346,-1.1501975849331,21.16399640984598
ATSC7i,0.0,64.45274977245491,1.2593678754545803,8.02824699249188
ATSC7m,0.0,67008.91548158594,36.27876928199775,258.86080329317133
ATSC7p,0.0,1663.667730156646,8.37007106868503,40.78808318806666
ATSC7pe,0.0,0.9914050763400325,0.016813990238125676,0.9956932641833189
ATSC7se,0.03278688524590164,0.6684084183777027,0.05289494357848689,0.8175624859163382
ATSC7v,0.0,34903.549686897226,49.71408250055648,186.82491720029537
ATSC8Z,0.0,2619.3544198648565,9.405521031880127,51.17962895395839
ATSC8are,0.0,1.3806099883799925,0.022072588953965768,1.1749936120592284
ATSC8c,0.01639344262295082,0.03787661056509754,0.0025355038342465366,0.19461914233984678
ATSC8d,0.0,2.6347789865925915,0.4127696568166036,1.6232002299755233
ATSC8dv,0.0,589.3810368330279,-1.4598277958675026,24.2771711044147
ATSC8i,0.0,70.57445419849344,1.7765129790220366,8.400860324900863
ATSC8m,0.0,56859.9095091885,45.28622720165785,238.4531599899412
ATSC8p,0.0,1448.59444466178,8.36379328059374,38.060405208849
ATSC8pe,0.0,1.0717182153383218,0.048902488044426526,1.0352382408597172
ATSC8se,0.03278688524590164,0.7069209323808148,0.07854576153473014,0.8407859016306201
ATSC8v,0.0,35382.525035312,74.76926621561684,188.10243229504502
AXp-1d,0.0,0.0017800626864727046,0.5065349548919945,0.042190789118866985
AXp-1dv,0.0,0.0024137469803866608,0.309263313461131,0.049129899047185725
AXp-2d,0.0,0.005108754969589348,0.37829433844877325,0.07147555504918691
AXp-2dv,0.0,0.0017182545896515695,0.17073964613442813,0.041451834575221995
AXp-3d,0.04918032786885246,0.003233734358309295,0.25078021241380444,0.05686593319650435
AXp-3dv,0.04918032786885246,0.0009486179830926497,0.10011579896506996,0.030799642580599043
AXp-4d,0.16393442622950818,0.0012982104991889854,0.16384784941337915,0.03603068829746367
AXp-4dv,0.16393442622950818,0.0008131118052586074,0.05943686511347999,0.028515115382172444
AvgIpc,0.0,0.23452824851035647,1.9802377771632014,0.4842811667929659
BIC0,0.0,0.010973577372101407,0.3941951808691058,0.10475484414623223
BIC1,0.0,0.013690938824634414,0.6491540049864369,0.1170082852820022
BIC2,0.0,0.009504872309839105,0.7365461853278599,0.09749293466625725
BIC3,0.0,0.010098296520859288,0.783089283348483,0.10049028072833356
BIC4,0.0,0.0115267314471055,0.7962512242925733,0.1073626166181949
BIC5,0.0,0.011966607125906886,0.7998092190718615,0.10939198839909112
BalabanJ,0.0,2.1492220423005453,0.9652176675184644,1.466022524486082
BertzCT,0.0,51256.231092882736,261.59599024951325,226.3983902170745
C1SP2,0.0,1.1437785541521095,1.6557377049180328,1.0694758314950878
C1SP3,0.0,4.715936576189197,1.8524590163934427,2.171620725676838
C2SP2,0.0,17.17710292932007,2.737704918032787,4.144526864350148
C2SP3,0.0,4.4880408492340775,1.3442622950819672,2.1184996693967353
C3SP2,0.0,0.3165815640956731,0.2459016393442623,0.5626558131714922
C3SP3,0.0,0.16715936576189191,0.11475409836065574,0.40885127584721065
CIC0,0.0,0.7710054443245995,2.7641145649171643,0.8780691569145335
CIC1,0.0,0.530785334758977,1.5970260672658472,0.7285501593980863
CIC2,0.0,0.30411793747931354,1.1646939006386254,0.5514688907629455
CIC3,0.0,0.31184300173164464,0.9353107037222423,0.5584290480729353
CIC4,0.0,0.34544740712601196,0.8691907159476702,0.5877477410641507
CIC5,0.0,0.35532649265234656,0.8497389082296852,0.596092687970878
Chi0,0.0,30.874916798788647,10.731867287822071,5.5565202059192265
Chi0n,0.0,18.761713685939412,8.063726817726563,4.331479387684929
Chi0v,0.0,30.341664321879364,9.773025132132291,5.508326816909048
Chi1,0.0,11.903389881017523,6.326617829326323,3.4501289658529464
Chi1n,0.0,5.6949771081075555,3.8725900473950325,2.386415116468121
Chi1v,0.0,6.171178145364031,4.05871496112468,2.484185610087143
Chi2n,0.0,2.9262637958944238,2.612350530428523,1.7106325718559272
Chi2v,0.0,3.5135780208427962,2.789032053432444,1.8744540594111119
Chi3n,0.0,1.2964666257498858,1.434421849643809,1.138624883686408
Chi3v,0.0,1.4944279366515854,1.5254957533114577,1.2224679695810379
Chi4n,0.0,0.5459754645434417,0.7777110221231968,0.738901525606384
Chi4v,0.0,0.6405317556189701,0.8113929705374988,0.8003322782563316
Diameter,0.0,2144584597151308.5,68852460.40983607,46309659.868663564
ECIndex,0.0,3.47414128165203e+18,2072131166.409836,1863904847.7999165
EState_VSA1,0.0,191.34144911426253,17.410766247493463,13.832622640492385
EState_VSA10,0.0,96.5946407666716,11.42885275864374,9.828257259894635
EState_VSA2,0.0,929.9231444439001,26.644099977890367,30.494641241436177
EState_VSA3,0.0,47.456121407107084,3.919739440206827,6.888840352853816
EState_VSA4,0.0,90.58076695764885,6.200377921297763,9.517392865572422
EState_VSA5,0.0,102.99468638077806,5.983424460360674,10.14862977848626
EState_VSA6,0.0,137.61115172423598,5.761910747410554,11.730777967561911
EState_VSA7,0.0,51.24680844386217,2.468891300502562,7.1586876202179806
EState_VSA8,0.0,107.03005122418229,5.797941437769769,10.34553291156054
EState_VSA9,0.0,156.9241614048822,12.762669863926368,12.52693743118733
ExactMolWt,0.0,20063.01522849857,250.84555524920282,141.64397349869344
FCSP3,0.0,0.0894087382321007,0.40803030817285996,0.29901293990745736
FilterItLogS,0.0,3.357885052517731,-1.0904886758497883,1.8324532879497177
FpDensityMorgan1,0.0,0.13869719245801213,1.11277439568643,0.37242071969482593
FpDensityMorgan2,0.0,0.17210321696913858,1.452448748825818,0.4148532475094519
FpDensityMorgan3,0.0,0.2257571557412704,1.643582515180133,0.47513909094208445
FractionCSP3,0.0,0.0894087382321007,0.40803030817285996,0.29901293990745736
GATS1Z,0.0,0.10417048992234422,0.6548473869582988,0.3227545350918314
GATS1are,0.0,0.06906567042485243,0.7836661867256628,0.26280348252040425
GATS1c,0.01639344262295082,0.4080734342906248,1.1238874913995838,0.6388062572412897
GATS1d,0.0,0.08576773871203523,1.1875535703072368,0.29286129602942623
GATS1dv,0.0,0.027044927108981282,0.5575829068889343,0.16445341926813586
GATS1i,0.0,0.23423798999129103,1.0908945382842459,0.48398139426148507
GATS1m,0.0,0.1062901575868832,0.6536573358729765,0.3260217133671977
GATS1p,0.0,0.34951345164478287,0.7911850188621903,0.5911966268888743
GATS1pe,0.0,0.06949645604760889,0.7741807808536864,0.2636218049547664
GATS1se,0.03278688524590164,0.09705810806527299,0.773364235810742,0.3115415029579093
GATS1v,0.0,0.11686356945457821,0.8645565914075486,0.3418531401853407
GATS2Z,0.0,0.09941721861580269,0.5902982449156342,0.31530496129271846
GATS2are,0.0,0.03276259931379627,0.5178070988790902,0.1810044179399947
GATS2c,0.01639344262295082,0.06677719927079886,0.5234884789008355,0.25841284656688196
GATS2d,0.0,0.1765018658552312,1.400621833642077,0.42012125137301876
GATS2dv,0.0,0.03387965005218239,0.7419844880870065,0.18406425522676148
GATS2i,0.0,0.22561594147081715,1.0484403889650844,0.4749904646104142
GATS2m,0.0,0.10326226010397986,0.594211782940829,0.3213444570923542
GATS2p,0.0,0.37805868387678676,0.8041297238607767,0.61486476877179
GATS2pe,0.0,0.03517346436670691,0.526884722999985,0.18754589935988178
GATS2se,0.03278688524590164,0.0425665221334061,0.4889999838335521,0.20631655806892016
GATS2v,0.0,0.1321308803200544,0.8980507944847893,0.3634981159786862
GATS3Z,0.01639344262295082,0.22489849235198084,0.8389307019492807,0.4742346384986875
GATS3are,0.01639344262295082,0.13097517489322688,0.9396163378510426,0.3619049252127233
GATS3c,0.03278688524590164,0.12342793877117843,0.6462060772545386,0.35132312587015735
GATS3d,0.01639344262295082,0.11301635221499408,0.9218546461195115,0.33617904785247116
GATS3dv,0.01639344262295082,0.14788452145491718,1.1616886159924844,0.3845575658531726
GATS3i,0.01639344262295082,0.18259281595600685,0.820414357854287,0.42730880631693846
GATS3m,0.01639344262295082,0.2245456531887037,0.8359531249666255,0.47386248341549864
GATS3p,0.01639344262295082,0.2853597141205046,0.6695879154518102,0.5341907095041102
GATS3pe,0.01639344262295082,0.13441649302271413,0.9429619005012212,0.366628549110287
GATS3se,0.04918032786885246,0.16262734663298545,0.8732496598422901,0.4032708105392522
GATS3v,0.01639344262295082,0.1357796283577527,0.8876360494437078,0.36848287390020273
GATS4Z,0.04918032786885246,0.2869432577348314,0.8298161929014369,0.5356708483152984
GATS4are,0.04918032786885246,0.30205360883241955,1.081300867990339,0.5495940400262903
GATS4c,0.06557377049180328,0.18150152318248053,0.8179617125371156,0.426029955733726
GATS4d,0.04918032786885246,0.15242108103805507,0.7128138495323917,0.39041142534261863
GATS4dv,0.04918032786885246,0.3025699007069119,1.1717188640856242,0.5500635424266108
GATS4i,0.04918032786885246,0.16195775689441522,0.6677827188897186,0.4024397556087311
GATS4m,0.04918032786885246,0.2864339303625058,0.8255404799466022,0.5351952264010824
GATS4p,0.04918032786885246,0.22034782689324717,0.5515972802576183,0.4694122142565606
GATS4pe,0.04918032786885246,0.3180162960447518,1.0954771463910271,0.5639293360384364
GATS4se,0.08196721311475409,0.3084428327671561,1.071320082294151,0.5553762983483866
GATS4v,0.04918032786885246,0.1239348063914856,0.7866629538190077,0.35204375635918556
GATS5Z,0.11475409836065574,0.25694870291924654,0.7310779022755968,0.506901078041117
GATS5are,0.11475409836065574,0.478670754682402,1.0383424103613625,0.6918603577907915
GATS5c,0.13114754098360656,0.33547148153692424,0.8517500523379395,0.5791989999446859
GATS5d,0.11475409836065574,0.13298074273531318,0.4798872575438154,0.3646652475014766
GATS5dv,0.11475409836065574,0.3854432084009539,1.0599802706678942,0.6208407270797832
GATS5i,0.11475409836065574,0.14927641334585198,0.49657240753442183,0.3863630589819011
GATS5m,0.11475409836065574,0.25101154485932253,0.7213989053702664,0.5010105237011719
GATS5p,0.11475409836065574,0.15752554440165853,0.428961660565805,0.39689487827592146
GATS5pe,0.11475409836065574,0.5465929274010111,1.0553131141651004,0.7393192324030338
GATS5se,0.13114754098360656,0.5928523413197176,0.9789646494731655,0.7699690521830846
GATS5v,0.11475409836065574,0.12546580514958267,0.6138028376755936,0.35421152599764827
GGI1,0.0,3.921526471378662,3.5245901639344264,1.9802844420382295
GGI10,0.0,0.00093106207981831,0.006208867947566406,0.030513309879760833
GGI2,0.0,1.1488747548946432,1.4535519125683063,1.0718557528392723
GGI3,0.0,0.3714945216256747,0.7011612021857924,0.609503504194746
GGI4,0.0,0.1824583468535274,0.37380692167577423,0.42715143316337756
GGI5,0.0,0.06681126675923439,0.16848816029143898,0.25847875494754763
GGI6,0.0,0.011862447335541107,0.04825768558789636,0.10891486278530174
GGI7,0.0,0.0073713992214692456,0.031008373294673056,0.08585685308389335
GGI8,0.0,0.0019536797428423183,0.012671978323812824,0.04420044957737781
GGI9,0.0,0.002005235058449879,0.009662011738514472,0.04477985103201974
GhoseFilter,0.0,0.1854340231120666,0.2459016393442623,0.430620509395531
HallKierAlpha,0.0,1.4339087257713092,-0.8404023845007452,1.1974592793791818
HeavyAtomCount,0.0,55.85326525127655,14.557377049180328,7.4735042149768365
HeavyAtomMolWt,0.0,18754.821512127397,238.98465573770494,136.9482439176472
HybRatio,0.0,0.08795726887570544,0.41115996540087785,0.2965759074431122
IC0,0.0,0.06836818147669824,1.7261892828348597,0.26147309895417203
IC1,0.0,0.19843429904923837,2.893277780486176,0.44545964918187414
IC2,0.0,0.3582358721111858,3.3256099471133984,0.5985280879885135
IC3,0.0,0.5208473018668733,3.5549931440297815,0.7216975141060646
IC4,0.0,0.6114115724185886,3.6211131318043535,0.7819281120528847
IC5,0.0,0.6541372568094658,3.6405649395223385,0.8087875226593606
Ipc,0.0,32397093017824.082,837573.704786009,5691844.430219793
JGI1,0.0,0.0112351517089499,0.29730540042484177,0.1059959985515958
JGI10,0.0,4.04185141092754e-06,0.0004374010012360705,0.002010435627153364
JGI2,0.0,0.0016443233717246158,0.09113759310091508,0.040550257357070074
JGI3,0.0,0.0008964125648332217,0.047676641320754866,0.029940149712939342
JGI4,0.0,0.0008712259896222715,0.0351127751122048,0.02951653756154796
JGI5,0.0,0.00045118545695177714,0.018440774979544508,0.021241126546202232
JGI6,0.0,0.00014396913383659643,0.006082573224249558,0.01199871384093297
JGI7,0.0,6.705663891627795e-05,0.003371680223566895,0.008188811813460971
JGI8,0.0,1.5958228325266102e-05,0.0010849441676052786,0.003994775128247659
JGI9,0.0,8.16452279563607e-06,0.0006392966415467197,0.0028573629093337216
JGT10,0.0,0.01149207188931848,0.5012890801964657,0.1072010815678577
Kappa1,0.0,111.45736530450377,16.493755692777224,10.557337036606521
Kappa2,0.0,47.66226628332524,8.87330234554109,6.9037863729496465
Kappa3,0.0,182.5196123530085,10.96496853411413,13.509981952356876
Kier1,0.0,110.62600722440607,17.376946095134635,10.517889865576938
Kier2,0.0,47.02204309235742,9.588402141940765,6.857262069686226
Kier3,0.04918032786885246,306.79823193871033,13.208812088351529,17.51565676583982
LabuteASA,0.0,2821.8417494849245,98.58496383221019,53.121010433583855
Lipinski,0.0,0.08868583714055363,0.9016393442622951,0.29780167417352377
MATS1Z,0.0,0.008734151177959726,-0.0694675671220637,0.09345668075616492
MATS1are,0.0,0.02202353011063556,-0.13866570055917807,0.14840326853083646
MATS1c,0.01639344262295082,0.09630854135962809,-0.4293087743836879,0.31033617475187786
MATS1d,0.0,0.07073071567468124,0.13429432922319198,0.26595246882606904
MATS1dv,0.0,0.023583953179520042,0.1699302317193449,0.15357067812417852
MATS1i,0.0,0.046838229774689225,-0.04161439341241561,0.2164214170887189
MATS1m,0.0,0.008195230211371678,-0.06741425131344274,0.09052751079849528
MATS1p,0.0,0.029358785975141823,0.008138213219778548,0.17134405730909322
MATS1pe,0.0,0.021977624554665592,-0.1346842010431857,0.1482485229426101
MATS1se,0.03278688524590164,0.022636681239930904,-0.13357241966614528,0.15045491430967253
MATS1v,0.0,0.013768269246985087,-0.032367718094785496,0.11733826846764481
MATS2Z,0.0,0.029482574702422673,0.05348578145772803,0.1717049058775627
MATS2are,0.0,0.02656941979056751,0.16102391229041213,0.16300128769604094
MATS2c,0.01639344262295082,0.01748560967303756,0.08896006732033564,0.1322331640438115
MATS2d,0.0,0.03298406663149229,-0.17436992153105768,0.18161516079747386
MATS2dv,0.0,0.03650541064862197,0.08483170356321273,0.19106389153532377
MATS2i,0.0,0.03391026088271046,-0.1367537386931714,0.18414738901953093
MATS2m,0.0,0.029171583478436368,0.04927678911627326,0.17079690711027634
MATS2p,0.0,0.03659386294683567,-0.09008285297911262,0.19129522457927609
MATS2pe,0.0,0.02576654433042293,0.15996202241979496,0.16051960730833767
MATS2se,0.03278688524590164,0.02678345441281114,0.1617034519313873,0.16365651350560764
MATS2v,0.0,0.02530888627703165,-0.08136637925322207,0.15908766852597864
MATS3Z,0.01639344262295082,0.06824455858330934,-0.11884300366514668,0.2612365950308443
MATS3are,0.01639344262295082,0.08935054916669817,-0.072825714331902,0.29891562215230266
MATS3c,0.03278688524590164,0.04244472194797974,0.03439884552505142,0.20602116868899598
MATS3d,0.01639344262295082,0.015462190852643805,-0.09511664652320183,0.124347058077961
MATS3dv,0.01639344262295082,0.15568150072270887,-0.18841559416857168,0.39456495120918794
MATS3i,0.01639344262295082,0.03742475711524463,-0.041932120610311895,0.19345479346670277
MATS3m,0.01639344262295082,0.0664739378529613,-0.11914070903148287,0.25782540187685404
MATS3p,0.01639344262295082,0.030691113058837823,-0.06365619519815396,0.1751887926176724
MATS3pe,0.01639344262295082,0.09040258191531773,-0.07451791646713106,0.30067022119810555
MATS3se,0.04918032786885246,0.0694471384190701,-0.0588162571841949,0.2635282497552589
MATS3v,0.01639344262295082,0.03588070997246648,-0.12584248412296087,0.18942204193933312
MATS4Z,0.04918032786885246,0.10898933695214019,-0.06656383460082753,0.3301353312690724
MATS4are,0.04918032786885246,0.22916422559723776,-0.1300651899854196,0.47871100425751417
MATS4c,0.06557377049180328,0.06289190706033607,-0.06454896435615967,0.25078258922886987
MATS4d,0.04918032786885246,0.020001720880184617,-0.06428254154889786,0.141427440336678
MATS4dv,0.04918032786885246,0.29701547805931483,-0.13738421103740922,0.5449912642045878
MATS4i,0.04918032786885246,0.03428750491939495,-0.013491248535123275,0.18516885515495027
MATS4m,0.04918032786885246,0.10788114679053268,-0.06580222660698681,0.328452655325745
MATS4p,0.04918032786885246,0.030586481034287575,-0.0003620924242074495,0.17488991118497252
MATS4pe,0.04918032786885246,0.2396989829642051,-0.13104312152473166,0.4895906279374689
MATS4se,0.08196721311475409,0.10605775181224433,-0.17090090268768304,0.32566509148547734
MATS4v,0.04918032786885246,0.04195141079409486,-0.03447083449154824,0.20482043548946688
MATS5Z,0.11475409836065574,0.25287132374494553,0.1251370752116179,0.5028631262530049
MATS5are,0.11475409836065574,0.2866350146498513,0.04678289374249144,0.535383054130266
MATS5c,0.13114754098360656,0.11620268878210167,0.06588248297041707,0.3408851548279885
MATS5d,0.11475409836065574,0.02805837747688489,0.07719968490720884,0.16750635055688154
MATS5dv,0.11475409836065574,0.34167812409687315,0.07228605556166728,0.5845323978163
MATS5i,0.11475409836065574,0.05056494745896725,0.1117297388867298,0.2248665103099331
MATS5m,0.11475409836065574,0.25295104850474015,0.1294250131527846,0.5029423908408797
MATS5p,0.11475409836065574,0.03813290792584179,0.10681983538143884,0.1952764909707305
MATS5pe,0.11475409836065574,0.3089126466550276,0.05004745499435654,0.555799106381998
MATS5se,0.13114754098360656,0.26833082795645646,0.06347723231638862,0.5180065906496331
MATS5v,0.11475409836065574,0.17705714324893315,0.18571961781984908,0.4207815861571573
MAXdO,0.08196721311475409,0.35013554949046144,9.856671894711685,0.5917225274488555
MDEC-33,0.11475409836065574,2.1453007295360207,0.8387940180564831,1.4646845153602261
MDEO-11,0.01639344262295082,1.5547933804162486,1.1037876648236984,1.2469135416765065
MIC0,0.0,275.56146944736696,24.62301019875542,16.600044260403855
MIC1,0.0,271.4096504800202,35.206544731698145,16.474515181941477
MIC2,0.0,272.16285919499876,37.557421887781544,16.49735915821071
MIC3,0.0,271.1486410928736,38.54505946200989,16.466591665942094
MIC4,0.0,275.66178675710813,38.856796632533644,16.603065583111697
MIC5,0.0,277.9863701071421,38.96068839699385,16.672923262197965
MINdO,0.08196721311475409,0.30109958530718417,9.783517363795264,0.5487254188637375
MPC10,0.0,105.77156678312282,2.639344262295082,10.284530460022122
MPC2,0.0,91.28997581295353,15.704918032786885,9.554578787835366
MPC3,0.0,129.84574039236762,15.081967213114755,11.394987511724953
MPC4,0.0,179.66783122816446,14.065573770491802,13.404022949404572
MPC5,0.0,227.68771835528085,13.131147540983607,15.089324648746903
MPC6,0.0,196.66863746304756,9.229508196721312,14.023859577985212
MPC7,0.0,196.31496909432948,6.475409836065574,14.011244380651188
MPC8,0.0,139.32383767804353,4.590163934426229,11.803551909406064
MPC9,0.0,139.02553077129798,3.6065573770491803,11.790908818716986
MW,0.0,20063.015228498625,250.845555249203,141.64397349869364
MWC01,0.0,52.89814565976888,12.770491803278688,7.273111140342135
MWC02,0.0,0.37652150349571734,3.888601610894929,0.6136134805361738
MWC03,0.0,0.49302842089470195,4.572410087732615,0.702159825748171
MWC04,0.0,0.5861069625897095,5.336428345196689,0.7655762291174599
MWC05,0.0,0.7433387618113577,6.046535944333049,0.8621709585757095
MWC06,0.0,0.8645340340185218,6.812336556825534,0.9298032232781954
MWC07,0.0,1.063993312883876,7.531156480889312,1.0315005152126082
MWC08,0.0,1.2139983007775281,8.297202264823545,1.1018159105665193
MWC09,0.0,1.4564438597421354,9.019970946095901,1.2068321588945727
MWC10,0.0,1.6359826000549094,9.78599976803822,1.2790553545702819
MZ,0.0,0.09796344646726034,0.8501494222655993,0.31299112841622256
Mare,0.0,0.0017756079029711094,1.0222309634911009,0.042137962729243444
MaxAbsEStateIndex,0.0,0.4689307390880846,9.811403554829429,0.6847851773279593
MaxAbsPartialCharge,0.01639344262295082,0.6001677658684107,0.9306248796694864,0.7747049540750406
MaxEStateIndex,0.0,0.4689307390880846,9.811403554829429,0.6847851773279593
MaxPartialCharge,0.01639344262295082,0.7354493014552159,0.7906468037853234,0.8575834078707539
Mi,0.0,0.0011382097149799837,1.1288386229670078,0.03373736378231091
MinAbsEStateIndex,0.0,0.11851303455129965,0.21142684423584018,0.3442572214947707
MinAbsPartialCharge,0.01639344262295082,0.047661123291808286,0.4142506089420418,0.2183142764269169
MinEStateIndex,0.0,0.6508156637578886,-1.16886656996332,0.8067314694233073
MinPartialCharge,0.01639344262295082,0.017754017953569363,-0.5542286848262049,0.13324420420254446
Mm,0.0,0.1404166320776617,0.8386049439991662,0.3747220731124091
MolLogP,0.0,20.24776775867352,-1.6196604918032782,4.499751966350314
MolMR,0.0,802.7716857966684,49.06781475409837,28.33322582758039
MolWt,0.0,20069.217570872897,250.9815081967213,141.66586593415119
Mp,0.0,0.2774229481978074,0.8797080911179159,0.5267095482310981
Mpe,0.0,0.0015651775828961934,1.0059727596629124,0.039562325296880536
Mse,0.03278688524590164,0.0013912043962543232,1.034085597591983,0.03729885247905521
Mv,0.0,0.010990976352118206,0.6600411332238858,0.10483785743765563
NHOHCount,0.0,9.845740392367643,2.918032786885246,3.1377922799904465
NOCount,0.0,8.607363611932277,5.442622950819672,2.9338308765046897
NaaCH,0.0,9.587745229776944,1.9508196721311475,3.0964084403994483
NaaO,0.0,0.14512227895726942,0.04918032786885246,0.38094918159417196
NaaaC,0.0,0.12684762160709484,0.06557377049180328,0.35615673741640047
NaasC,0.0,1.9183015318462773,0.819672131147541,1.385027628549798
NdO,0.0,1.1276538564901908,1.7704918032786885,1.061910474800108
NddssS,0.0,0.06449879064767537,0.03278688524590164,0.2539661210627815
NdsCH,0.0,0.07954850846546627,0.04918032786885246,0.2820434513784468
NdsN,0.0,0.16715936576189191,0.11475409836065574,0.40885127584721065
NdssC,0.0,1.1814028486965866,1.639344262295082,1.0869235707705425
NsCH3,0.0,1.2582639075517335,0.5901639344262295,1.1217236324299018
NsCl,0.0,0.3762429454447729,0.13114754098360656,0.613386456848187
NsNH2,0.0,0.7777479172265521,0.32786885245901637,0.8819001741844437
NsOH,0.0,1.6909432948132221,1.540983606557377,1.3003627550853731
NssCH2,0.0,8.52889008331094,2.278688524590164,2.920426353002407
NssNH,0.0,0.2891695780704112,0.19672131147540983,0.5377449005526795
NssO,0.0,0.1080354743348562,0.08196721311475409,0.3286875025534987
NsssCH,0.0,0.7960225745767268,0.39344262295081966,0.8922009720778872
NsssN,0.0,0.25638269282450954,0.19672131147540983,0.5063424659501803
NssssC,0.0,0.10158559527008866,0.11475409836065574,0.3187249523807144
NumAliphaticHeterocycles,0.0,0.1343724805159903,0.11475409836065574,0.3665685209016048
NumAliphaticRings,0.0,0.1698468153722118,0.16393442622950818,0.412124757048411
NumAmideBonds,0.0,0.12684762160709487,0.06557377049180328,0.3561567374164005
NumAromaticCarbocycles,0.0,0.4740661112604138,0.4262295081967213,0.6885245901639344
NumAromaticHeterocycles,0.0,0.18704649287825853,0.09836065573770492,0.4324887199433744
NumAromaticRings,0.0,0.6428379467884976,0.5245901639344263,0.8017717547959005
NumAtomStereoCenters,0.0,0.5616769685568395,0.2786885245901639,0.7494511115188498
NumHAcceptors,0.0,6.601451222789571,4.295081967213115,2.5693289440609917
NumHDonors,0.0,3.4920720236495573,2.180327868852459,1.868708651355143
NumHeteroatoms,0.0,12.441279226014512,6.426229508196721,3.5272197586788536
NumHeterocycles,0.0,0.36441816715936587,0.21311475409836064,0.6036705783449827
NumRadicalElectrons,0.0,0.7836603063692559,0.26229508196721313,0.8852459016393445
NumRotatableBonds,0.0,12.561139478634777,3.2131147540983607,3.5441697869366777
NumSaturatedRings,0.0,0.11394786347755978,0.13114754098360656,0.3375616439667869
NumUnspecifiedAtomStereoCenters,0.0,0.1542596076323569,0.09836065573770492,0.3927589688757685
NumValenceElectrons,0.0,1690.640150497178,80.55737704918033,41.11739474355322
PEOE_VSA1,0.0,203.93565817700036,20.752194886137183,14.280604265121289
PEOE_VSA10,0.0,49.88202311516997,3.313160958869393,7.062720659573757
PEOE_VSA11,0.0,14.266922084966327,1.48557488802143,3.7771579375194686
PEOE_VSA12,0.0,3.683215150201003,0.543180420269342,1.919170432817524
PEOE_VSA13,0.0,4.290793048856715,0.6331064055122545,2.071422952672079
PEOE_VSA14,0.0,630.4522342727072,20.842529719210713,25.10880790226225
PEOE_VSA2,0.0,31.7266432259911,4.915892767629892,5.632640874935229
PEOE_VSA3,0.0,14.308428274655919,2.0147637451187057,3.7826483149581747
PEOE_VSA4,0.0,5.057614945097163,0.4140586605905899,2.248914170237976
PEOE_VSA5,0.0,73.9429885244224,2.3248050582192774,8.599010903843674
PEOE_VSA6,0.0,362.31309836568386,12.380808731761865,19.034523854451518
PEOE_VSA7,0.0,168.8511205550995,10.520074046967013,12.994272605848296
PEOE_VSA8,0.0,144.57600164515557,11.080525674937311,12.023976116291797
PEOE_VSA9,0.0,109.84791611761639,7.157998192257109,10.480835659317266
PetitjeanIndex,0.0,0.039441632068038156,0.13079625292740046,0.19859917438911512
Phi,0.0,183.08343542070506,11.634694863117627,13.530832768928343
RNCG,0.01639344262295082,0.018079355042337434,0.2824904896697121,0.13445949219871922
RPCG,0.01639344262295082,0.0407891982093386,0.3174946616044712,0.20196335858105202
Radius,0.0,2144584678419781.0,68852459.81967214,46309660.746109776
RingCount,0.0,0.7718355280838485,0.6885245901639344,0.8785417053753615
RotRatio,0.0,0.032567710773796235,0.23428650736520482,0.18046526195862803
SIC0,0.0,0.0099622424836809,0.39958469994490686,0.0998110338774271
SIC1,0.0,0.012785474880882353,0.6593095844534544,0.1130728742045693
SIC2,0.0,0.009390311349856547,0.7487748181619992,0.09690361886873239
SIC3,0.0,0.012174469461206948,0.7974300525804005,0.11033797832662581
SIC4,0.0,0.014335340319981528,0.8111902603951998,0.11973028154974634
SIC5,0.0,0.014903343580485374,0.8148655867226242,0.12207925122839415
SLogP,0.0,20.24776775867352,-1.6196604918032782,4.499751966350314
SMR,0.0,802.7716857966684,49.06781475409837,28.33322582758039
SMR_VSA1,0.0,942.4570820603817,34.50674310717652,30.6994638725236
SMR_VSA10,0.0,275.1785538307532,17.701754726135178,16.58850667874457
SMR_VSA3,0.0,16.327980580541254,2.5099077127362213,4.040789598647924
SMR_VSA4,0.0,36.61426211664231,2.8385625541576576,6.050971997674614
SMR_VSA5,0.0,263.61033513906784,12.827370328408893,16.236081274096524
SMR_VSA6,0.0,170.7525155266029,8.890735151894884,13.067230598967898
SMR_VSA7,0.0,628.6636048533732,17.03000614331657,25.07316503462164
SMR_VSA9,0.0,21.712182254420615,2.0735944316761628,4.659633274670939
SPS,0.0,19.64363430217636,10.422738208251538,4.4321139766680595
SRW02,0.0,0.3110718935149403,3.131187948230629,0.5577381944200526
SRW04,0.0,0.4035400845184157,4.316046381823639,0.6352480495982775
SRW05,0.0,0.23825321818433673,0.08921996246757039,0.48811189104992797
SRW06,0.0,0.5572573593003392,5.664699899239411,0.7464967242395235
SRW07,0.0,1.0223415875108945,0.22768181853918265,1.0111090878391384
SRW08,0.0,0.7824290055675786,7.0800386905053045,0.8845501713117118
SRW09,0.0,2.1825887539619755,0.3351966973233003,1.4773587086290099
SRW10,0.0,1.0819655021512713,8.526404811169922,1.0401757073452884
SZ,0.0,131.15612589208394,21.325136612021858,11.452341502596049
SaaCH,0.0,24.345003216204834,3.0370370925734878,4.934065586937899
SaaN,0.0,0.4527925210562967,0.12372040072859747,0.6728985964142715
SaaO,0.0,3.1058722876665956,0.22751821493624771,1.7623485148138536
SaaS,0.0,0.02445385604781225,0.020188221007893137,0.1563772875062496
SaaaC,0.0,0.039252689557820554,0.014930935033394068,0.1981229152769072
SaasC,0.0,0.5359434175962425,-0.042079185752422595,0.7320815648520611
Sare,0.0,220.10899117441554,26.732196721311478,14.836070610994527
SdCH2,0.0,0.06449879064767539,0.03278688524590164,0.2539661210627815
SdO,0.0,122.61810580850144,17.577551602434895,11.073306001754915
SddsN,0.0,0.02637249174134571,-0.03603673345476625,0.1623960952158201
SddssS,0.0,1.5468238786671868,-0.16056275401781836,1.243713744664417
SdsCH,0.0,0.02440429582737506,0.010094110503946565,0.15621874352130433
SdsN,0.0,1.4225687778304652,0.3386263318448238,1.1927148770055924
SdssC,0.0,2.2671464467640425,-1.8054273655533648,1.5057046346359044
Si,0.0,297.68430693471794,29.922232578900804,17.253530274547234
SlogP_VSA1,0.0,826.5685483954798,18.157387329962823,28.750105189294175
SlogP_VSA10,0.0,9.075406272827014,0.8244856947793495,3.0125414972788365
SlogP_VSA11,0.0,21.712182254420615,2.0735944316761628,4.659633274670939
SlogP_VSA12,0.0,97.18323008923304,3.314249669978769,9.858155511515987
SlogP_VSA2,0.0,510.1354787707204,32.90695118845569,22.586178932495873
SlogP_VSA3,0.0,140.7229479592849,12.057595110565266,11.862670355332517
SlogP_VSA4,0.0,24.22269444676727,2.2157238187929136,4.921655661133484
SlogP_VSA5,0.0,204.59007562451737,11.795247943630573,14.303498719702022
SlogP_VSA6,0.0,438.62014121525687,13.81795373651714,20.94326004267857
SlogP_VSA7,0.0,0.4067752551083716,0.08233825104493978,0.6377893501057944
SlogP_VSA8,0.0,22.639501062425733,1.1331469800984495,4.758098471283012
Sm,0.0,139.1129985192389,20.89585783277897,11.794617353659206
Sp,0.0,246.8891394918344,22.4016660253264,15.712706307057179
Spe,0.0,213.1775690266938,26.321504339440693,14.60060166659901
SsCH3,0.0,4.234039036063531,0.9812012507222412,2.0576780691020478
SsCl,0.0,9.171235373231438,0.6412565601191564,3.028404757166954
SsNH2,0.0,20.70252166545208,1.6931447793142758,4.550002380818287
SsOH,0.0,117.19684404358166,12.67275314748857,10.825749121588846
SsSH,0.0,0.4035922720161253,0.11693381906496661,0.6352891247425264
Sse,0.03278688524590164,235.29014759768435,27.016313405014383,15.339170368624385
SssCH2,0.0,5.092642428189645,0.6425884146783545,2.256688376402388
SssNH,0.0,2.611540732363034,0.5752479048692943,1.6160262164838273
SssO,0.0,2.7763812117074176,0.4101714718377763,1.6662476441716032
SssS,0.0,0.0,0.0,0.0
SsssCH,0.0,0.5545744241198534,-0.1809186977766214,0.7446975386825536
SsssN,0.0,0.5345768739410094,0.2897286886082721,0.7311476416846391
SssssC,0.0,0.307619487610533,-0.17100631714434406,0.5546345532064632
Sv,0.0,82.77650555872873,17.039795313871192,9.098159459952806
TIC0,0.0,656.4062508315563,45.50814945850561,25.620426437347923
TIC1,0.0,2704.946211728821,79.45726881532798,52.0090973939062
TIC2,0.0,4445.27413979709,94.27246851873466,66.67288909142223
TIC3,0.0,5634.1876837714735,101.74223309566112,75.06122623413152
TIC4,0.0,6181.341599644178,104.05260937446258,78.62150850526959
TIC5,0.0,6430.003094768262,104.88899544017822,80.18730008404238
TMPC10,0.0,12629.306100510616,111.85245901639344,112.38018553335199
TMWC10,0.0,483.8946349722709,88.6185108572888,21.997605209937532
TPSA,0.0,3844.667795001343,103.24131147540984,62.005385209684356
TSRW10,0.0,141.24131647048597,43.92785325847928,11.884498999557616
TopoPSA,0.0,3869.5479872077403,105.25114754098362,62.205690955150885
TopoPSA(NO),0.0,3844.667795001343,103.24131147540984,62.005385209684356
TopoShapeIndex,0.0,0.1345217832721192,0.23360655737704916,0.3667721135420729
TpiPC10,0.0,1.7637675776216464,5.00182651173466,1.3280691162818472
VAdjMat,0.0,0.7283873571435562,4.440197726912962,0.8534561249083378
VMcGowan,0.0,8433.046584735312,175.71704918032793,91.83162083256133
VSA_EState1,0.0,86.39317256716646,2.168409931839263,9.294792766230264
VSA_EState10,0.0,11.44949779265616,0.9757829717767158,3.3837106543935107
VSA_EState2,0.0,120.97340120438997,17.316919991350133,10.998790897384584
VSA_EState3,0.0,102.3873935111462,20.819263954753417,10.118665599334044
VSA_EState4,0.0,25.62585464567033,1.739711883817482,5.062198598007622
VSA_EState5,0.0,2.100172461301552,-1.9195108157510234,1.4491971781995547
VSA_EState6,0.0,23.969293718841875,2.845560144174213,4.895844535812169
VSA_EState7,0.0,2.5348010012904303,0.5348244335976975,1.5921058385956728
VSA_EState8,0.0,8.289787633565288,1.2410414590715821,2.879199130585672
VSA_EState9,0.0,2.0543016663647773,-0.15187645007574638,1.4332835261610932
WPath,0.0,9.17631406894762e+19,6045901874.95082,9579307944.18241
WPol,0.0,92.78258532652514,12.934426229508198,9.632371739427686
Xc-3d,0.0,0.5894745943212429,1.153246772270238,0.7677724886457205
Xc-3dv,0.0,0.1843657083868189,0.3839062666571837,0.429378281223933
Xc-4d,0.0,0.015357347898569094,0.03898626640833753,0.12392476709104236
Xc-4dv,0.0,0.0034839509152219026,0.018270809468279216,0.059025002458465876
Xc-5d,0.0,0.11036784653645279,0.25097751797038226,0.3322165657164808
Xc-5dv,0.0,0.003880201236408014,0.038900487778297736,0.062291261316560396
Xc-6d,0.0,0.006231979741513576,0.0266920344472066,0.07894288911303902
Xc-6dv,0.0,0.00015956684925678936,0.003942852061170672,0.012631977250485744
Xch-4d,0.0,0.0006370250928165465,0.004553734061930782,0.02523935603014757
Xch-4dv,0.0,0.0005052965152736717,0.003756830601092895,0.02247880146435018
Xch-5d,0.0,0.004973942722378117,0.01647727483418313,0.07052618465774338
Xch-5dv,0.0,0.0013819002473640265,0.008419141472053186,0.03717391891318464
Xch-6d,0.0,0.014447924508817735,0.0752107625358217,0.12019951958646813
Xch-6dv,0.0,0.0018226946478478584,0.02685661070107887,0.04269302809414973
Xch-7d,0.0,0.022695259454996355,0.09121172199640193,0.15064945886061573
Xch-7dv,0.0,0.0016255468421575848,0.022413969822967512,0.04031807091314743
Xp-1d,0.0,11.903389881017523,6.326617829326323,3.4501289658529464
Xp-1dv,0.0,6.163140162866823,4.045139417950004,2.4825672524358375
Xp-2d,0.0,9.290249572533579,5.565507317103348,3.0479910715967624
Xp-2dv,0.0,3.507755423920758,2.7752812675548237,1.872900270682013
Xp-3d,0.0,5.310089025350048,3.431079331739569,2.304363041135239
Xp-3dv,0.0,1.4941511551972178,1.5180383265070008,1.2223547583239565
Xp-4d,0.0,3.035294668457836,2.0661366308351763,1.7422097085189934
Xp-4dv,0.0,0.6374038109468961,0.8048332400161415,0.7983757329396329
Xp-5d,0.0,1.6373761528639745,1.2785789332328799,1.2795999972116188
Xp-5dv,0.0,0.24483525218489338,0.41272767291202245,0.4948082984195934
Xp-6d,0.0,0.6281235633480919,0.6263870128229618,0.792542467851466
Xp-6dv,0.0,0.07415635618701391,0.1624773274326668,0.2723166469149727
Xp-7d,0.0,0.2206736894736946,0.27896663996562204,0.4697591824261603
Xp-7dv,0.0,0.02513951776047099,0.07066118731627935,0.1585544630733269
Xpc-4d,0.0,2.024517223785096,1.777532392179056,1.4228553066932337
Xpc-4dv,0.0,0.2718210382624292,0.4927705443426287,0.5213645924517978
Xpc-5d,0.0,2.918932907303866,1.7566054185055386,1.7084884861490481
Xpc-5dv,0.0,0.320272505174677,0.4525988031935844,0.565926236513803
Xpc-6d,0.0,5.51737208765076,1.9667870882727037,2.3489087014294023
Xpc-6dv,0.0,0.35971718257089175,0.3943422898762098,0.5997642725028657
ZMIC0,0.0,708.2100095108792,54.47009862504645,26.612215419067972
ZMIC1,0.0,309.7665862758355,38.15650370765802,17.600187109114366
ZMIC2,0.0,253.43472043934327,33.91040582887714,15.919633175401476
ZMIC3,0.0,237.65518663959497,31.969521763159527,15.416069104658131
ZMIC4,0.0,235.19028894682125,31.32567318074434,15.335915001943029
ZMIC5,0.0,233.29191706431135,31.10387174358907,15.27389659072993
Zagreb1,0.0,1123.0959419510882,56.950819672131146,33.51262362082516
Zagreb2,0.0,1396.3246439129266,59.26229508196721,37.36742757955017
apol,0.0,688.5491211287776,37.41078226229507,26.2402195327855
bpol,0.0,84.59360325182557,14.985611180327867,9.197478091945943
fMF,0.0,0.028110892309879888,0.1431831900920621,0.16766303203115435
fr_Al_COO,0.0,1.4721848965331898,1.2622950819672132,1.2133362668828414
fr_Al_OH,0.0,0.651975275463585,0.3442622950819672,0.8074498594114591
fr_Al_OH_noTert,0.0,0.640687987100242,0.3114754098360656,0.8004298764415544
fr_ArN,0.0,0.07954850846546627,0.04918032786885246,0.2820434513784468
fr_Ar_COO,0.0,0.17952163396936308,0.13114754098360656,0.42369993387934707
fr_Ar_OH,0.0,0.289707067992475,0.14754098360655737,0.5382444314551476
fr_COO,0.0,1.320612738511153,1.3934426229508197,1.1491791585784843
fr_COO2,0.0,1.291050792797635,1.4098360655737705,1.13624416073203
fr_C_O,0.0,1.2002149959688255,1.5245901639344261,1.0955432424002376
fr_C_O_noCOO,0.0,0.9518946519752756,0.639344262295082,0.9756508863191155
fr_NH0,0.0,0.5068529965063154,0.4262295081967213,0.711936090183884
fr_NH1,0.0,0.29884439666756263,0.21311475409836064,0.5466666229682974
fr_NH2,0.0,1.1271163665681267,0.4098360655737705,1.0616573677830936
fr_N_O,0.0,0.06449879064767537,0.03278688524590164,0.2539661210627815
fr_alkyl_halide,0.0,0.265520021499597,0.11475409836065574,0.5152863490328431
fr_amide,0.0,0.12684762160709487,0.06557377049180328,0.3561567374164005
fr_amidine,0.0,0.06449879064767539,0.03278688524590164,0.2539661210627815
fr_aniline,0.0,0.14082235958075784,0.08196721311475409,0.3752630538445769
fr_aryl_methyl,0.0,0.14512227895726942,0.04918032786885246,0.38094918159417196
fr_benzene,0.0,0.36173071754904607,0.36065573770491804,0.6014405353391523
fr_ether,0.0,0.1080354743348562,0.08196721311475409,0.3286875025534987
fr_furan,0.0,0.0,0.0,0.0
fr_halogen,0.0,0.5133028755710829,0.2459016393442623,0.7164515863413821
fr_oxime,0.0,0.14082235958075787,0.08196721311475409,0.375263053844577
fr_para_hydroxylation,0.0,0.1795216339693631,0.13114754098360656,0.4236999338793471
fr_phenol,0.0,0.289707067992475,0.14754098360655737,0.5382444314551476
fr_phenol_noOrthoHbond,0.0,0.27788228970706796,0.13114754098360656,0.5271454160922467
fr_unbrch_alkane,0.0,0.2897070679924751,0.14754098360655737,0.5382444314551476
fragCpx,0.0,3209.4328754098365,45.720000000000006,56.65185676930489
mZagreb2,0.0,2.971091253844545,3.261612021857923,1.7236853697367582
n5HRing,0.0,0.07954850846546627,0.04918032786885246,0.2820434513784468
n5Ring,0.0,0.07954850846546627,0.04918032786885246,0.2820434513784468
n5aHRing_1,0.0,0.016124697661918846,0.01639344262295082,0.12698306053139075
n5aRing_1,0.0,0.016124697661918846,0.01639344262295082,0.12698306053139075
n6HRing,0.0,0.2354205858640151,0.16393442622950818,0.4852015930147129
n6Ring,0.0,0.541789841440473,0.5573770491803278,0.7360637482178246
n6aHRing_1,0.0,0.17360924482665946,0.08196721311475409,0.416664427119306
n6aRing_1,0.0,0.5090029561945715,0.4426229508196721,0.7134444310488179
n7Ring,0.0,0.14512227895726945,0.04918032786885246,0.380949181594172
n7aRing_1,0.0,0.14512227895726945,0.04918032786885246,0.380949181594172
nAHRing,0.0,0.1343724805159903,0.11475409836065574,0.3665685209016048
nARing,0.0,0.1698468153722118,0.16393442622950818,0.412124757048411
nAcid,0.0,1.9500134372480518,1.8688524590163935,1.3964288156752036
nAromAtom,0.0,23.321150228433222,3.081967213114754,4.829197679577139
nAromBond,0.0,23.806503628056973,3.1147540983606556,4.879190878420005
nAtom,0.0,227.62536952432146,26.459016393442624,15.087258515857725
nBase,0.0,2.0655737704918034,1.0,1.4372104127412253
nBonds,0.0,220.61381349099707,24.672131147540984,14.85307421010873
nBondsA,0.0,23.806503628056973,3.1147540983606556,4.879190878420005
nBondsD,0.0,0.9604944907282987,1.9180327868852458,0.9800482083695162
nBondsKD,0.0,5.673206127385109,3.360655737704918,2.3818493082865486
nBondsKS,0.0,187.13249126578876,21.311475409836067,13.679637833867853
nBondsM,0.0,24.982531577532917,5.032786885245901,4.998252852500853
nBondsO,0.0,52.89814565976888,12.770491803278688,7.273111140342135
nBondsS,0.0,178.00107497984416,19.639344262295083,13.341704350638421
nC,0.0,27.458210158559524,8.131147540983607,5.240058220913154
nCl,0.0,0.4627788228970708,0.21311475409836064,0.6802784892211945
nH,0.0,70.12147272238647,11.901639344262295,8.373856502376098
nHBAcc,0.0,6.601451222789571,4.295081967213115,2.5693289440609917
nHBDon,0.0,3.4920720236495573,2.180327868852459,1.868708651355143
nHRing,0.0,0.36441816715936587,0.21311475409836064,0.6036705783449827
nHeavyAtom,0.0,55.85326525127655,14.557377049180328,7.4735042149768365
nHetero,0.0,12.441279226014512,6.426229508196721,3.5272197586788536
nI,0.0,0.06449879064767537,0.03278688524590164,0.2539661210627815
nN,0.0,1.7860790110185434,1.1311475409836065,1.3364426703074634
nO,0.0,4.771835528083848,4.311475409836065,2.184453141654416
nRing,0.0,0.7718355280838485,0.6885245901639344,0.8785417053753615
nRot,0.0,12.561139478634777,3.2131147540983607,3.5441697869366777
nS,0.0,0.24509540446116643,0.13114754098360656,0.49507111050955743
nX,0.0,0.5133028755710829,0.2459016393442623,0.7164515863413821
naHRing_1,0.0,0.18704649287825853,0.09836065573770492,0.4324887199433744
naRing_1,0.0,0.6428379467884976,0.5245901639344263,0.8017717547959005
piPC1,0.0,0.28032439514186624,2.7100187888577953,0.529456698080085
piPC10,0.0,2.076706516475828,0.445993647648287,1.4410782478671407
piPC2,0.0,0.4044997351135655,3.057061888793915,0.6360029364032571
piPC3,0.0,1.1237574283525844,2.9967511970861254,1.060074256055954
piPC4,0.0,2.5216812964500845,2.817269219964227,1.5879802569459371
piPC5,0.0,3.821604187675856,2.687930571071405,1.954892372402086
piPC6,0.0,4.266725618121453,2.183966914678433,2.065605387803162
piPC7,0.0,4.266506884587307,1.7851930859624134,2.0655524405319046
piPC8,0.0,3.8026370985316604,1.270151173434651,1.950035153152799
piPC9,0.0,3.3300067724464752,0.8886849313116986,1.824830614727426
qed,0.0,0.029939700897762156,0.4546841977608254,0.17303092468620213
pStdev,0.7213114754098361,18.692350713707764,10.326677561345114,4.323465128078144
original_index,0.0,484.6589626444504,38.114754098360656,22.014971329630445
