clay type,CEC(cmol/g),Treat time (hr),Solution type,Sol conc (M),Contam conc (mg/g),Treatment temp,Radionuclide type,Desorp effi(%)
Vermiculite,0.99,250.0,Transition metal,0.01,35.75279,250.0,133,100.0
Vermiculite,0.99,250.0,Transition metal,0.1,35.75279,250.0,133,100.0
Vermiculite,0.44,242.0,Polymer,23.0,3.85439,20.0,133,80.0
Vermiculite,0.99,200.0,Transition metal,0.01,35.75279,25.0,133,13.0
Vermiculite,0.99,200.0,Transition metal,0.1,35.75279,25.0,133,20.0
Vermiculite,0.99,200.0,Transition metal,1.0,35.75279,25.0,133,47.0
Vermiculite,0.99,200.0,Transition metal,3.0,35.75279,25.0,133,45.0
Vermiculite,0.99,200.0,Transition metal,0.01,35.75279,250.0,133,98.0
Vermiculite,0.99,200.0,Transition metal,0.1,35.75279,250.0,133,99.0
Vermiculite,0.99,200.0,Transition metal,1.0,35.75279,250.0,133,100.0
Vermiculite,0.99,200.0,Transition metal,3.0,35.75279,250.0,133,100.0
Vermiculite,0.99,150.0,Transition metal,0.01,35.75279,25.0,133,10.0
Vermiculite,0.99,150.0,Transition metal,0.1,35.75279,25.0,133,15.0
Vermiculite,0.99,150.0,Transition metal,1.0,35.75279,25.0,133,34.0
Vermiculite,0.99,150.0,Transition metal,3.0,35.75279,25.0,133,33.0
Vermiculite,0.99,150.0,Transition metal,0.01,35.75279,250.0,133,90.0
Vermiculite,0.99,150.0,Transition metal,0.1,35.75279,250.0,133,98.0
Vermiculite,0.99,150.0,Transition metal,1.0,35.75279,250.0,133,99.0
Vermiculite,0.99,150.0,Transition metal,3.0,35.75279,250.0,133,99.0
Vermiculite,0.99,100.0,Transition metal,0.01,35.75279,25.0,133,7.0
Vermiculite,0.99,100.0,Transition metal,0.1,35.75279,25.0,133,11.0
Vermiculite,0.99,100.0,Transition metal,1.0,35.75279,25.0,133,23.0
Vermiculite,0.99,100.0,Transition metal,3.0,35.75279,25.0,133,25.0
Vermiculite,0.99,100.0,Transition metal,0.01,35.75279,250.0,133,71.0
Vermiculite,0.99,100.0,Transition metal,0.1,35.75279,250.0,133,92.0
Vermiculite,0.99,100.0,Transition metal,1.0,35.75279,250.0,133,96.0
Vermiculite,0.99,100.0,Transition metal,3.0,35.75279,250.0,133,95.0
Vermiculite,0.44,72.0,Monocarboxylic acid,0.05,0.1,25.0,133,5.0
Vermiculite,0.44,72.0,Dicarboxylic acid,0.05,0.1,25.0,133,6.0
Vermiculite,0.44,72.0,Hydroxycarboxylic acid,0.05,0.1,25.0,133,8.0
Vermiculite,0.99,50.0,Transition metal,0.1,35.75279,25.0,133,6.0
Vermiculite,0.99,50.0,Transition metal,1.0,35.75279,25.0,133,13.0
Vermiculite,0.99,50.0,Transition metal,3.0,35.75279,25.0,133,17.0
Vermiculite,0.99,50.0,Transition metal,0.01,35.75279,250.0,133,42.0
Vermiculite,0.99,50.0,Transition metal,0.1,35.75279,250.0,133,69.0
Vermiculite,0.99,50.0,Transition metal,1.0,35.75279,250.0,133,86.0
Vermiculite,0.99,50.0,Transition metal,3.0,35.75279,250.0,133,79.0
Illite,0.19,48.0,Dicarboxylic acid,0.015,3.0383226,70.0,133,57.0
Illite,0.19,48.0,Dicarboxylic acid,0.15,3.0383226,70.0,133,71.0
Illite,0.19,48.0,Dicarboxylic acid,1.0,3.0383226,70.0,133,80.0
Illite,0.19,48.0,Dicarboxylic acid,1.5,3.0383226,70.0,133,82.0
Illite,0.19,48.0,Mineral acid,0.015,3.0383226,70.0,133,61.0
Illite,0.19,48.0,Mineral acid,0.15,3.0383226,70.0,133,73.0
Illite,0.19,48.0,Mineral acid,1.0,3.0383226,70.0,133,79.0
Illite,0.19,48.0,Mineral acid,1.5,3.0383226,70.0,133,88.0
Japan contaminated soil,0.01,48.0,Oxalic Acid,0.5,0.001,25.0,133,70.0
Japan contaminated soil,0.01,48.0,Dicarboxylic acid,0.5,0.001,25.0,133,81.0
Japan contaminated soil,0.01,48.0,Chelator,0.5,0.001,25.0,133,89.0
Vermiculite,0.99,48.0,Dicarboxylic acid,0.015,3.896,70.0,133,37.28
Vermiculite,0.99,48.0,Dicarboxylic acid,0.15,3.896,70.0,133,93.75
Vermiculite,0.99,48.0,Dicarboxylic acid,1.0,3.896,70.0,133,99.65
Vermiculite,0.99,48.0,Dicarboxylic acid,1.5,3.896,70.0,133,98.45
Kaolinite,0.074,48.0,Alkali metal,0.01,0.0,25.0,133,65.83
Kaolinite,0.074,48.0,Complex sol,0.01153,0.0,25.0,133,45.76
Smectite,0.133,24.0,Polymer,20.0,0.0296,20.0,133,84.0
Smectite,0.133,24.0,Polymer,20.0,0.0296,20.0,133,60.0
Smectite,0.133,24.0,Polymer,20.0,0.0296,20.0,133,68.0
Smectite,0.133,24.0,Mineral acid,20.0,0.0296,20.0,133,50.0
Smectite,0.133,24.0,Alkali,20.0,0.0296,20.0,133,38.0
Illite,0.019,24.0,Polymer,20.0,0.0224,20.0,133,52.0
Illite,0.019,24.0,Polymer,20.0,0.0224,20.0,133,52.0
Illite,0.019,24.0,Polymer,20.0,0.0224,20.0,133,54.0
Illite,0.019,24.0,Mineral acid,20.0,0.0224,20.0,133,48.0
Illite,0.019,24.0,Alkali,20.0,0.0224,20.0,133,56.0
Vermiculite,0.99,24.0,Polymer,20.0,0.0288,20.0,133,58.0
Vermiculite,0.99,24.0,Polymer,20.0,0.0288,20.0,133,36.0
Vermiculite,0.99,24.0,Polymer,20.0,0.0288,20.0,133,24.0
Vermiculite,0.99,24.0,Mineral acid,20.0,0.0288,20.0,133,76.0
Vermiculite,0.99,24.0,Alkali,20.0,0.0288,20.0,133,38.0
Alfisols soil,0.028,24.0,Polymer,20.0,0.0265,20.0,133,58.0
Alfisols soil,0.028,24.0,Polymer,20.0,0.0265,20.0,133,56.0
Alfisols soil,0.028,24.0,Polymer,20.0,0.0265,20.0,133,42.0
Alfisols soil,0.028,24.0,Mineral acid,20.0,0.0265,20.0,133,72.0
Alfisols soil,0.028,24.0,Alkali,20.0,0.0265,20.0,133,75.0
Alfisols soil,0.028,24.0,Polymer,20.0,0.0265,80.0,133,60.0
Alfisols soil,0.028,24.0,Polymer,20.0,0.0265,80.0,133,58.0
Alfisols soil,0.028,24.0,Polymer,20.0,0.0265,80.0,133,44.0
Alfisols soil,0.028,24.0,Mineral acid,20.0,0.0265,80.0,133,78.0
Alfisols soil,0.028,24.0,Alkali,20.0,0.0265,80.0,133,76.0
Smectite,0.031,24.0,Alkali metal,0.01,0.0079746,25.0,133,63.0
Smectite,0.031,24.0,Ammonium salt,0.01,0.0079746,25.0,133,45.0
Vermiculite,0.011,24.0,Alkali metal,0.01,0.0079746,25.0,133,73.0
Vermiculite,0.011,24.0,Ammonium salt,0.01,0.0079746,25.0,133,42.0
Smectite,0.125,24.0,Surfactants,0.1625,3.94,20.0,133,9.0
Smectite,0.125,24.0,Surfactants,0.325,3.94,20.0,133,14.0
Smectite,0.125,24.0,Surfactants,0.8125,3.94,20.0,133,34.0
Smectite,0.125,24.0,Surfactants,3.25,3.94,20.0,133,93.0
Smectite,0.125,24.0,Surfactants,0.1625,3.94,80.0,133,10.0
Smectite,0.125,24.0,Surfactants,0.325,3.94,80.0,133,14.0
Smectite,0.125,24.0,Surfactants,0.8125,3.94,80.0,133,38.0
Smectite,0.125,24.0,Surfactants,1.625,3.94,80.0,133,90.0
Smectite,0.125,24.0,Surfactants,3.25,3.94,80.0,133,98.0
Smectite,0.125,24.0,Surfactants,1.625,3.94,40.0,133,98.0
Smectite,0.125,24.0,Surfactants,0.325,3.94,60.0,133,98.0
Smectite,0.125,24.0,Surfactants,1.625,3.94,20.0,133,86.0
Vermiculite,1.6,24.0,Surfactants,0.1,3.85439,20.0,133,13.0
Vermiculite,1.6,24.0,Surfactants,0.4,3.85439,20.0,133,16.0
Vermiculite,1.6,24.0,Surfactants,0.8,3.85439,20.0,133,23.0
Vermiculite,1.6,24.0,Surfactants,2.0,3.85439,20.0,133,31.0
Vermiculite,1.6,24.0,Surfactants,7.0,3.85439,20.0,133,31.0
Vermiculite,1.6,24.0,Surfactants,12.0,3.85439,20.0,133,24.0
Vermiculite,1.6,24.0,Surfactants,24.0,3.85439,20.0,133,42.0
Vermiculite,1.6,24.0,Polymer,1.0,3.85439,20.0,133,23.0
Vermiculite,1.6,24.0,Polymer,2.0,3.85439,20.0,133,32.0
Vermiculite,1.6,24.0,Polymer,6.0,3.85439,20.0,133,39.0
Vermiculite,1.6,24.0,Polymer,12.0,3.85439,20.0,133,42.0
Vermiculite,1.6,24.0,Polymer,24.0,3.85439,20.0,133,45.0
Vermiculite,1.6,24.0,Surfactants,3.3,3.85439,20.0,133,58.0
Vermiculite,1.6,24.0,Surfactants,3.3,3.85439,40.0,133,68.0
Vermiculite,1.6,24.0,Surfactants,3.3,3.85439,60.0,133,73.0
Vermiculite,1.6,24.0,Surfactants,3.3,3.85439,80.0,133,80.0
Vermiculite,1.6,24.0,Polymer,23.0,3.85439,40.0,133,79.0
Vermiculite,1.6,24.0,Polymer,23.0,3.85439,60.0,133,86.0
Vermiculite,1.6,24.0,Polymer,23.0,3.85439,80.0,133,88.0
Smectite,0.125,24.0,Polymer,2.0,265.82,80.0,133,49.0
Smectite,0.125,24.0,Polymer,6.0,265.82,80.0,133,74.0
Smectite,0.125,24.0,Polymer,12.0,265.82,80.0,133,92.0
Smectite,0.125,24.0,Polymer,23.0,265.82,80.0,133,95.0
Smectite,0.125,24.0,Alkali,2.0,265.82,80.0,133,8.0
Smectite,0.125,24.0,Alkali,6.0,265.82,80.0,133,11.0
Smectite,0.125,24.0,Alkali,12.0,265.82,80.0,133,15.0
Smectite,0.125,24.0,Alkali,23.0,265.82,80.0,133,22.0
Illite,0.01418,24.0,Alkali metal,1.0,3.041,25.0,133,74.32
Vermiculite,0.99,24.0,Alkali metal,1.0,3.896,25.0,133,45.53
Smectite,1.33,24.0,Alkali metal,1.0,3.968,25.0,133,30.34
Illite,0.01418,24.0,Dicarboxylic acid,1.0,3.041,25.0,133,82.0
Vermiculite,0.99,24.0,Dicarboxylic acid,1.0,3.896,25.0,133,85.26
Smectite,1.33,24.0,Dicarboxylic acid,1.0,3.968,25.0,133,98.0
Vermiculite,0.99,24.0,Oxidizer,11.64,3.9873,25.0,133,42.43
Vermiculite,0.99,24.0,Oxidizer,17.65,3.9873,25.0,133,49.13
Vermiculite,0.99,24.0,Oxidizer,11.74,3.9873,25.0,133,83.03
Vermiculite,0.99,24.0,Oxidizer,11.641,3.9873,25.0,133,48.64
Vermiculite,0.99,24.0,Oxidizer,11.65,3.9873,25.0,133,59.88
Vermiculite,0.99,24.0,Oxidizer,11.69,3.9873,25.0,133,64.0
Vermiculite,0.99,24.0,Oxidizer,11.74,3.9873,25.0,133,83.25
Vermiculite,0.00027,6.0,Dicarboxylic acid,0.5,5.0,85.0,133,93.0
Smectite,0.125,6.0,Surfactants,1.625,3.94,20.0,133,70.0
Vermiculite,0.00027,4.0,Dicarboxylic acid,0.5,5.0,25.0,133,50.0
Vermiculite,0.00027,4.0,Dicarboxylic acid,0.5,5.0,50.0,133,81.0
Vermiculite,0.00027,4.0,Dicarboxylic acid,0.5,5.0,100.0,133,92.0
Vermiculite,0.00027,4.0,Dicarboxylic acid,0.5,5.0,85.0,133,93.0
Vermiculite,0.00027,4.0,Dicarboxylic acid,0.005,5.0,85.0,133,37.0
Vermiculite,0.00027,4.0,Dicarboxylic acid,0.01,5.0,85.0,133,47.0
Vermiculite,0.00027,4.0,Dicarboxylic acid,0.05,5.0,85.0,133,83.0
Vermiculite,0.00027,4.0,Dicarboxylic acid,0.1,5.0,85.0,133,92.0
Vermiculite,0.00027,4.0,Dicarboxylic acid,0.25,5.0,85.0,133,94.0
Vermiculite,0.00027,4.0,Dicarboxylic acid,0.5,5.0,85.0,133,97.0
Vermiculite,0.00027,4.0,Dicarboxylic acid,0.5,5.0,85.0,133,94.0
Vermiculite,0.00027,4.0,Dicarboxylic acid,0.5,5.0,85.0,133,95.0
Vermiculite,0.00027,4.0,Dicarboxylic acid,0.5,5.0,85.0,133,98.0
Vermiculite,0.00027,4.0,Lithium nitrate,1.0,5.0,85.0,133,36.0
Vermiculite,0.00027,4.0,Lithium nitrate,1.0,5.0,85.0,133,34.0
Smectite,0.125,3.0,Surfactants,1.625,3.94,20.0,133,69.0
Seoul soil,0.09137916,3.0,Mineral acid,0.1,53.164,25.0,133,71.0
Seoul soil,0.09137916,3.0,Mineral acid,0.5,53.164,25.0,133,76.0
Seoul soil,0.09137916,3.0,Mineral acid,1.0,53.164,25.0,133,80.0
Seoul soil,0.09137916,3.0,Dicarboxylic acid,0.1,53.164,25.0,133,50.0
Seoul soil,0.09137916,3.0,Dicarboxylic acid,0.5,53.164,25.0,133,55.0
Seoul soil,0.09137916,3.0,Dicarboxylic acid,1.0,53.164,25.0,133,68.0
Seoul soil,0.09137916,3.0,Hydroxycarboxylic acid,0.1,53.164,25.0,133,40.0
Seoul soil,0.09137916,3.0,Hydroxycarboxylic acid,0.5,53.164,25.0,133,53.0
Seoul soil,0.09137916,3.0,Hydroxycarboxylic acid,1.0,53.164,25.0,133,60.0
Seoul soil,0.09137916,3.0,Transition metal,0.1,53.164,25.0,133,61.0
Seoul soil,0.09137916,3.0,Transition metal,0.5,53.164,25.0,133,70.0
Seoul soil,0.09137916,3.0,Transition metal,1.0,53.164,25.0,133,74.0
Seoul soil,0.09137916,3.0,Ammonium salt,0.1,53.164,25.0,133,66.0
Seoul soil,0.09137916,3.0,Ammonium salt,0.5,53.164,25.0,133,71.0
Seoul soil,0.09137916,3.0,Ammonium salt,1.0,53.164,25.0,133,72.0
Seoul soil,0.09137916,3.0,Alkali,0.1,53.164,25.0,133,28.0
Seoul soil,0.09137916,3.0,Alkali,0.5,53.164,25.0,133,55.0
Vermiculite,0.00027,2.0,Dicarboxylic acid,0.5,5.0,85.0,133,92.0
Vermiculite,1.6,2.0,Hydroxycarboxylic acid,0.05,0.1,200.0,133,77.0
Vermiculite,0.00027,1.0,Dicarboxylic acid,0.5,5.0,85.0,133,43.0
Vermiculite,1.6,1.0,Hydroxycarboxylic acid,0.05,0.1,200.0,133,74.0
Vermiculite,0.99,1.0,Mineral acid,0.1,0.54,25.0,133,26.5
Vermiculite,0.99,1.0,Mineral acid,0.1,0.54,60.0,133,30.3
Vermiculite,0.99,1.0,Mineral acid,0.5,0.54,25.0,133,28.5
Vermiculite,0.99,1.0,Mineral acid,0.5,0.54,60.0,133,38.5
Vermiculite,0.99,1.0,Mineral acid,1.0,0.54,25.0,133,40.5
Vermiculite,0.99,1.0,Mineral acid,1.0,0.54,60.0,133,51.7
Vermiculite,1.6,1.0,Transition metal,1.0,7.5,60.0,133,35.5
Vermiculite,1.6,1.0,Transition metal,1.0,26.3,20.0,133,17.0
Vermiculite,0.00027,0.5,Dicarboxylic acid,0.5,5.0,85.0,133,39.0
Vermiculite,1.6,0.5,Monocarboxylic acid,0.05,0.1,200.0,133,30.0
Vermiculite,1.6,0.5,Dicarboxylic acid,0.05,0.1,200.0,133,44.0
Vermiculite,1.6,0.5,Hydroxycarboxylic acid,0.05,0.1,200.0,133,70.0
Vermiculite,1.6,0.5,Hydroxycarboxylic acid,0.05,0.1,120.0,133,47.0
Vermiculite,1.6,0.5,Hydroxycarboxylic acid,0.05,0.1,150.0,133,58.0
Vermiculite,1.6,0.5,Hydroxycarboxylic acid,0.05,0.1,250.0,133,76.0
Vermiculite,1.6,0.5,Hydroxycarboxylic acid,0.05,0.1,280.0,133,52.0
Vermiculite,1.6,0.5,Hydroxycarboxylic acid,0.05,208.0,200.0,133,75.0
Vermiculite,1.6,0.5,Hydroxycarboxylic acid,0.05,10.8,200.0,133,71.0
Vermiculite,1.6,0.5,Hydroxycarboxylic acid,0.05,27.4,200.0,133,13.0
Vermiculite,1.6,0.5,Hydroxycarboxylic acid,0.05,37.9,200.0,133,10.0
Vermiculite,1.6,0.5,Monocarboxylic acid,0.05,1.0,250.0,133,8.0
Vermiculite,1.6,0.5,Ketocarboxylic acid,0.05,1.0,250.0,133,15.0
Vermiculite,1.6,0.5,Dicarboxylic acid,0.05,1.0,250.0,133,16.0
Vermiculite,1.6,0.5,Dicarboxylic acid,0.05,1.0,250.0,133,20.0
Vermiculite,1.6,0.5,Hydroxycarboxylic acid,0.05,1.0,250.0,133,22.0
Vermiculite,1.6,0.5,Hydroxycarboxylic acid,0.05,1.0,250.0,133,25.0
Vermiculite,1.6,0.5,Hydroxycarboxylic acid,0.05,1.0,250.0,133,11.0
Vermiculite,1.6,0.5,Hydroxycarboxylic acid,0.05,1.0,250.0,133,15.0
Vermiculite,1.6,0.5,Hydroxycarboxylic acid,0.1,1.0,250.0,133,26.0
Vermiculite,1.6,0.5,Hydroxycarboxylic acid,0.3,1.0,250.0,133,29.0
Vermiculite,1.6,0.5,Hydroxycarboxylic acid,0.5,1.0,250.0,133,34.0
Vermiculite,1.6,0.5,Hydroxycarboxylic acid,0.05,1.0,250.0,133,18.0
Vermiculite,1.6,0.5,Hydroxycarboxylic acid,0.1,1.0,250.0,133,24.0
Vermiculite,1.6,0.5,Hydroxycarboxylic acid,0.3,1.0,250.0,133,36.0
Vermiculite,1.6,0.5,Hydroxycarboxylic acid,0.5,1.0,250.0,133,43.0
Smectite,0.125,0.5,Surfactants,1.625,3.94,20.0,133,55.0
Smectite,0.125,0.1,Surfactants,1.625,3.94,20.0,133,53.0
Illite,0.19,48.0,Dicarboxylic acid,0.015,1.08e-07,70.0,137,17.0
Illite,0.19,48.0,Dicarboxylic acid,0.15,1.08e-07,70.0,137,32.0
Illite,0.19,48.0,Dicarboxylic acid,1.0,1.08e-07,70.0,137,47.0
Illite,0.19,48.0,Dicarboxylic acid,1.5,1.08e-07,70.0,137,69.0
Illite,0.19,48.0,Mineral acid,0.015,1.08e-07,70.0,137,9.0
Illite,0.19,48.0,Mineral acid,0.15,1.08e-07,70.0,137,11.0
Illite,0.19,48.0,Mineral acid,1.0,1.08e-07,70.0,137,26.0
Illite,0.19,48.0,Mineral acid,1.5,1.08e-07,70.0,137,38.0
Vermiculite,0.99,48.0,Dicarboxylic acid,0.015,1.02e-07,70.0,137,9.78
Vermiculite,0.99,48.0,Dicarboxylic acid,0.1,1.02e-07,70.0,137,94.36
Vermiculite,0.99,48.0,Dicarboxylic acid,1.0,1.02e-07,70.0,137,95.53
Vermiculite,0.99,48.0,Dicarboxylic acid,1.5,1.02e-07,70.0,137,99.05
Alfisols soil,0.028,24.0,Polymer,20.0,1.07e-07,20.0,137,12.0
Alfisols soil,0.028,24.0,Polymer,20.0,1.07e-07,20.0,137,4.0
Alfisols soil,0.028,24.0,Mineral acid,20.0,1.07e-07,20.0,137,14.0
Alfisols soil,0.028,24.0,Alkali,20.0,1.07e-07,20.0,137,28.0
Alfisols soil,0.028,24.0,Surfactants,20.0,1.07e-07,20.0,137,10.0
Alfisols soil,0.028,24.0,Polymer,50.0,1.07e-07,20.0,137,18.0
Alfisols soil,0.028,24.0,Surfactants,50.0,1.07e-07,20.0,137,10.0
Alfisols soil,0.028,24.0,Alkali,50.0,1.07e-07,20.0,137,28.0
Smectite,0.0703,24.0,Surfactants,0.05,2.4e-07,25.0,137,32.0
Smectite,0.0703,24.0,Mineral acid,0.05,2.4e-07,25.0,137,0.0
Smectite,0.0867,24.0,Surfactants,0.05,2.46e-07,25.0,137,44.0
Smectite,0.0867,24.0,Mineral acid,0.05,2.46e-07,25.0,137,12.0
Kaolinite,0.0074,24.0,Surfactants,0.05,9.09e-09,25.0,137,88.0
Kaolinite,0.0074,24.0,Mineral acid,0.05,9.09e-09,25.0,137,46.0
Illite,0.01418,24.0,Surfactants,0.05,2.15e-08,25.0,137,45.0
Illite,0.01418,24.0,Mineral acid,0.05,2.15e-08,25.0,137,67.0
Vermiculite,0.99,24.0,Oxidizer,11.74,1.02e-07,25.0,137,99.3
Vermiculite,0.99,24.0,Mineral acid,1.0,1.02e-07,25.0,137,88.56
Vermiculite,0.99,24.0,Mineral acid,1.1,1.02e-07,25.0,137,90.68
Vermiculite,0.99,6.0,Mineral acid,0.5,6.5e-08,60.0,137,66.5
Seoul soil,0.091379159,3.0,Alkali,1.0,0.00095449,25.0,137,62.0
Japan contaminated soil,0.0214,0.5,Transition metal,0.5,4.82e-09,60.0,137,1.0
Japan contaminated soil,0.0214,0.5,Transition metal,0.5,4.82e-09,250.0,137,77.0
Japan contaminated soil,0.0214,0.5,Transition metal,1.0,4.82e-09,250.0,137,77.0
Japan contaminated soil,0.0214,0.5,Transition metal,2.0,4.82e-09,250.0,137,78.0
OM based soil,2.0,0.166666667,Hydroxycarboxylic acid,0.1,0.00667,20.0,137,20.0
OM based soil,2.0,0.166666667,Hydroxycarboxylic acid,0.1,0.00667,40.0,137,27.0
OM based soil,2.0,0.166666667,Hydroxycarboxylic acid,0.1,0.00667,60.0,137,37.0
OM based soil,2.0,0.166666667,Mineral acid,0.1,0.00667,20.0,137,17.0
OM based soil,2.0,0.166666667,Mineral acid,0.1,0.00667,40.0,137,24.0
OM based soil,2.0,0.166666667,Mineral acid,0.1,0.00667,60.0,137,31.0
OM based soil,2.0,0.166666667,Hydroxycarboxylic acid,0.1,0.00667,80.0,137,58.0
OM based soil,2.0,0.166666667,Hydroxycarboxylic acid,0.5,0.00667,80.0,137,64.0
OM based soil,2.0,0.166666667,Hydroxycarboxylic acid,1.0,0.00667,80.0,137,75.0
OM based soil,2.0,0.166666667,Mineral acid,0.1,0.00667,80.0,137,38.0
OM based soil,2.0,0.166666667,Mineral acid,0.5,0.00667,80.0,137,51.0
OM based soil,2.0,0.166666667,Mineral acid,1.0,0.00667,80.0,137,83.0
Smectite,0.133,48.0,Alkali metal,58.44,3.303,20.0,137,37.87
Smectite,0.133,48.0,Transition metal,74.55,3.303,20.0,137,38.96
Smectite,0.133,48.0,Transition metal,95.21,3.303,20.0,137,34.21
Vermiculite,0.099,48.0,Alkali metal,58.44,3.303,20.0,137,37.75
Vermiculite,0.099,48.0,Transition metal,74.55,3.303,20.0,137,39.56
Vermiculite,0.099,48.0,Transition metal,95.21,3.303,20.0,137,34.88
Seoul soil,0.09137,48.0,Mineral acid,6.3018,2.027,20.0,137,49.19
Korea NPP soil,0.04449,48.0,Mineral acid,6.3018,2.398,20.0,137,80.73
Korea NPP soil,21.87765489,48.0,Mineral acid,6.3018,2.732,20.0,137,50.15
Korea NPP soil,0.20289,48.0,Mineral acid,6.3018,2.7435,20.0,137,39.58
Seoul soil,0.09137,48.0,Mineral acid,6.3018,2.158,20.0,38,88.51
Korea NPP soil,0.04449,48.0,Mineral acid,6.3018,1.434,20.0,38,96.93
Korea NPP soil,0.20289,48.0,Mineral acid,6.3018,3.048,20.0,38,85.63
Seoul soil,0.09137,48.0,Mineral acid,6.3018,1.79,20.0,27,84.92
Korea NPP soil,21.87765489,48.0,Mineral acid,6.3018,1.465,20.0,27,85.73
Korea NPP soil,0.20289,48.0,Mineral acid,6.3018,3.4835,20.0,27,73.73
Seoul soil,0.09137,48.0,Mineral acid,31.509,2.027,20.0,137,76.52
Korea NPP soil,0.04449,48.0,Mineral acid,31.509,2.398,20.0,137,63.01
Korea NPP soil,21.87765489,48.0,Mineral acid,31.509,2.732,20.0,137,52.67
Korea NPP soil,0.20289,48.0,Mineral acid,31.509,2.7435,20.0,137,68.16
Korea NPP soil,0.04449,48.0,Mineral acid,31.509,1.87,20.0,27,70.0
Korea NPP soil,0.20289,48.0,Mineral acid,31.509,3.4835,20.0,27,74.67
Seoul soil,0.09137,48.0,Mineral acid,31.509,2.158,20.0,38,90.82
Korea NPP soil,0.04449,48.0,Mineral acid,31.509,1.434,20.0,38,76.71
Korea NPP soil,0.20289,48.0,Mineral acid,31.509,3.048,20.0,38,80.05
Seoul soil,0.09137,48.0,Dicarboxylic acid,12.607,2.027,20.0,137,42.29
Korea NPP soil,0.04449,48.0,Dicarboxylic acid,12.607,2.398,20.0,137,36.65
Korea NPP soil,21.87765489,48.0,Dicarboxylic acid,12.607,2.732,20.0,137,43.41
Korea NPP soil,0.20289,48.0,Dicarboxylic acid,12.607,2.7435,20.0,137,33.46
Seoul soil,0.09137,48.0,Dicarboxylic acid,12.607,1.79,20.0,27,31.13
Korea NPP soil,0.04449,48.0,Dicarboxylic acid,12.607,1.87,20.0,27,22.96
Korea NPP soil,21.87765489,48.0,Dicarboxylic acid,12.607,1.465,20.0,27,34.87
Korea NPP soil,0.20289,48.0,Dicarboxylic acid,12.607,3.4835,20.0,27,0.78
Seoul soil,0.09137,48.0,Dicarboxylic acid,12.607,2.158,20.0,38,58.39
Korea NPP soil,0.04449,48.0,Dicarboxylic acid,12.607,1.434,20.0,38,63.46
Korea NPP soil,21.87765489,48.0,Dicarboxylic acid,12.607,1.896,20.0,38,73.84
Korea NPP soil,0.20289,48.0,Dicarboxylic acid,12.607,3.048,20.0,38,0.33
Seoul soil,0.09137,48.0,Dicarboxylic acid,63.035,2.027,20.0,137,56.34
Korea NPP soil,0.04449,48.0,Dicarboxylic acid,63.035,2.398,20.0,137,49.42
Korea NPP soil,21.87765489,48.0,Dicarboxylic acid,63.035,2.732,20.0,137,63.62
Korea NPP soil,0.20289,48.0,Dicarboxylic acid,63.035,2.7435,20.0,137,37.29
Seoul soil,0.09137,48.0,Dicarboxylic acid,63.035,1.79,20.0,27,17.53
Korea NPP soil,0.04449,48.0,Dicarboxylic acid,63.035,1.87,20.0,27,12.26
Korea NPP soil,21.87765489,48.0,Dicarboxylic acid,63.035,1.465,20.0,27,17.0
Korea NPP soil,0.20289,48.0,Dicarboxylic acid,63.035,3.4835,20.0,27,16.92
Seoul soil,0.09137,48.0,Dicarboxylic acid,63.035,2.158,20.0,38,58.85
Korea NPP soil,21.87765489,48.0,Dicarboxylic acid,63.035,1.896,20.0,38,99.68
Korea NPP soil,0.20289,48.0,Dicarboxylic acid,63.035,3.048,20.0,38,48.56
Smectite,133.0,48.0,Mineral acid,6.3018,3.185,20.0,137,14.89
Smectite,133.0,48.0,Dicarboxylic acid,12.607,3.185,20.0,137,14.07
Vermiculite,99.0,48.0,Mineral acid,6.3018,3.121,20.0,137,13.81
Vermiculite,99.0,48.0,Dicarboxylic acid,12.607,3.121,20.0,137,13.39
Seoul soil,0.09137,48.0,Alkali,1.803,2.027,20.0,137,65.37
Korea NPP soil,0.04449,48.0,Alkali,1.803,2.398,20.0,137,46.71
Korea NPP soil,21.87765489,48.0,Alkali,1.803,2.732,20.0,137,41.91
Korea NPP soil,0.20289,48.0,Alkali,1.803,2.7435,20.0,137,48.95
Seoul soil,0.09137,48.0,Alkali,1.803,1.79,20.0,27,57.78
Korea NPP soil,0.04449,48.0,Alkali,1.803,1.87,20.0,27,38.21
Korea NPP soil,21.87765489,48.0,Alkali,1.803,1.465,20.0,27,72.48
Korea NPP soil,0.20289,48.0,Alkali,1.803,3.4835,20.0,27,15.85
Seoul soil,0.09137,48.0,Alkali,9.015,2.027,20.0,137,80.56
Korea NPP soil,0.04449,48.0,Alkali,9.015,2.398,20.0,137,54.92
Korea NPP soil,21.87765489,48.0,Alkali,9.015,2.732,20.0,137,83.38
Korea NPP soil,0.20289,48.0,Alkali,9.015,2.7435,20.0,137,78.08
Seoul soil,0.09137,48.0,Alkali,9.015,1.79,20.0,27,57.15
Korea NPP soil,0.04449,48.0,Alkali,9.015,1.87,20.0,27,51.63
Korea NPP soil,0.20289,48.0,Alkali,9.015,3.4835,20.0,27,36.03
